Short Form,Full Form
BEF,BHUPDEOPUR
SEP,SODPUR
GHG,GHAGGHAR
VNE,VISWANATH CHARALI
SXX,SALBARI
DNR,DANAPUR
SUW,SUKHI SEWANIYAN
SNSR,SANOSARA
MHU,MANHERU
CSZ,COSSIMBAZAR
ROB,ROBERTSON
LS,LASAL GAON
KNE,KISHANGANJ
KAT,KHATAULI
TLTM,TTPS SIDING TALCHER
LPG,LAPANGA
LEDO,LEDO
MLK,MALKAPURAM
GHD,GARWA ROAD JN.
VJPJ,VIJAYPUR JAMMU
AD,ADONI
MGLE,MANI GRAM
LDA,LIDHORA KHURD
AN,AMALNER
SHG,SHAHGANJ JN.
SA,SALEM JN.
BUA,BARADWAR
KRR,KARUR JN.
MNF,MANDA ROAD
MDP,MADHUPUR JN.
KPV,KASHI PUR JN.
PMY,PALI MARWAR
DGU,DIGARU
KGG,KHAGARIA JN.
PSN,PARSENDI
SAU,SANAND
PAVI,PAVI
CGF,CHARALI
MRGA,MIRYALAGUDA
KOL,KOLAD
KMC,KAMAREDDI
PEI,PERANI
CHL,CHOLA
CHRA,CHHARRAH
CHSM,CHINNA SALEM
MLPM,MELPAKKAM
BROD,BAROUD
HIBP,HALDIBARI INTERNATIONAL BORDER POINT
KRUH,KHERAUNDH
PNBB,NEW BHIMSEN
MDAK,MEDAK
DMJG,DHARAMJAIGARH
PALB,M/S ADANI LOGISTICS LTD PFT
IOMB,"M/S IOCL, MOINARBAND"
HUGS,HINDUSTAN URVARAK AND RASAYAN LTD GCT (HURL)
FCGC,"M/S FCI, GATI SAKTI MULTI-MODEL CARGO TERMINAL AT CINNAMARA"
UMLS,PRIVATE SIDING OF M/S TATA STEEL LIMITED
MNSK,M/S NALWA STEEL AND POWER LTD.
RSCR,RAJHAURA COLIERY SIDING
IISM,"M/S IRON AND STEEL CO. SDG, MANOHARPUR"
ATUV,"ATUL PRODUCTS LTD, VALSAD"
BCPG,BALCO CAPTIVE POWER PLANT SDG
CAER,CHHANERA
MPCL,BPCL PVT BG SIDING
MILK,M/S CENTRAL WAREHOUSING CORPORATION
PPVS,PIPAVAV
DKNS,"OIL TERMINAL SDG FOR IOC, BPC AND HPC, DEVAN GONTHI"
WFCS,"FOOD CORPORATION OF INDIA SDG, WHITE FIELD"
CTDI,BROWNFIELD PFT OF CONCOR TERMINAL DURGAPUR
ICMB,INLAND CONTAINER DEPOT AT MORADABAD
DLWS,"DIESEL LOCOMOTIVE WORKS SIDING, VARANASI"
HVR,HAVERI
SCDG,"SECL, COLLIERY SIDING DIPIKA II, GEVRA ROAD"
TYSG,M/S THE RAMCO CEMENTS LIMITED SIDING SERVED BY TULUKAPATTI
WKR,WANKANER JN.
TULI,TULI
ACSK,ANGARPATHRA COLLIERY SIDING KATRASGARH
BBSD,"BIRLA SUPER BULK TERMINAL SDG, DODBALLAPUR"
MLTC,M/S ULTRA TECH CEMENT SIDING/DURGAPUR
VBCG,ULTRA TECH CEMENT LTD
PAYS,FOOD CORP. OF INDIA (PVT.)
POSN,"POL SDG, NAJIBABAD JN."
RBG,RAYBAG
KCKG,KHASKAJORA COLLIERY SIDING KAJORAGRAM
MIMH,M/S MIVAAN STEELS LIMITED
GDRA,GANGADHARA
BSNJ,BPCL SIDING/NEW JALPAI GURI (P)(BG)
GDGH,GATEWAY DISTRIPARKS LTD GARHI HARSARU
BPNA,BHARAT PETROLEUM CORPORATION LTD. SERVED BY NARAYANPUR ANANT
PDLL,"M/S ADDANI LOGISTIC, PATLI"
PKRX,PAKUR LOWER QUARRY LINE NO.2
PKRY,PAKUR UPER QUARRY NEW LINE
GMUV,FCI SIDING MANDUADIH
NKKH,NIMPURA GOOD SHED COMPLEX
PMAR,M/S ADHUNIK METALIKS LTD. NEAR KUARMUNDA
RKSI,RAKSHI
HSPG,HINSUDSTAN STEEL PLANT LTD
FCMH,FCI SIDING S/B MANDIR HASAUD
MNSG,"MAJRI OLD SDG, MAJRIKHADAN"
HEGM,HEG SDG.MANDIDEEP
WHG,"FOOD CORPORATION OF INDIA GRAIN GODOWN SDG, WEST HILL"
JNCP,JINAGORAL / NO 9 COLLIERY SIDING PATHERDIH
CCH,CHINCHVAD
BPKR,"BHARAT PETROLEUM CORPN. LTD.SDG,MG KHARI ROHAR ROAD"
GSBR,"GURPAHAR SDG OF BSL, BIRMITRAPUR"
SGFG,"FOOD CORPN. OF INDIA SDG (BG), SABARMATI JN."
GSFS,"GUJRAT STATE FERTILISERS CO. LTD. SDG (BG), BAJVA"
LKES,"ASSOCIATED CEMENT CO. LTD. SDG, LAKHERI"
JJN,JHUNJHUNU
TISI,TISI
CPML,CENTURY PULP AND PAPER MILLS LTD. LALKUA
VLX,TAQA NEYVELI POWER COMPANY PVT LTD SIDING SRV VLU
RWF,RAIL WHEELS FACTORY SDG
BRSG,"BHARAT PETROLEUM CORPORATION SIDING, TROMBAY"
BPCP,BPCL SDG. PANEVADI
PONK,POL SDG.NEW KATNI JUNCTION
ACS,ULTRATECH CEMENT SIDING - SHAMBHUPURA AND CHITTORGARH
PGRS,"TAMIL NADU NEWS PRINT SDG, PUGALUR"
JCSP,JGB NO.6 COLLIERY SIDING
BCCK,M/S BULK CEMENT CORPORATION LTD. SDG KALAMBOLI
KTPG,KOTHAGUDEM THERMAL POWER STATION SIDING FOR APGENCO.
IDBR,ICD BIRGANJ
DGTP,"DVC THERMAL POWER STN SDG, WARIA"
MMRC,"M/S MINERALS AND MINERALS LTD, RICHUGHUTA"
AFAS,M/S ADANI FORWARDING AGENT LTD TRML AT TUMB SRVD BY SANAJAN
CCCT,M/S CHETTINAD CEMENT CORPORATION PVT. LTD.
UTCK,M/S ULTRA TECH CEMENT LIMITED (UNIT BIRLA WHITE)
JSPP,M/S JINDAL STEELAND POWER LTD. PVT. SIDING
PTKC,PATHANKOT CANTT
RCLH,PRIVATE SIDINGS OF RAMCO CEMENTS LIMITED
AEMD,M/S ADANI ELECTRICITY MUMBAI LTD. - DAHANU ROAD
APJG,GCT OF M/S ADANI POWER (JHARKHAND) LIMITED
AMLS,GCT MULTI-MODAL CG TMLS OF ARYA MULTILOGISTICS PVT LTD
CTCS,"CONCOR TERMINALS , SHALIMAR"
MHUR,MOHANPUR
MSSL,M/S SUPER SMELTERS LIMITED
PMLR,M/S NUVOCO VISTAS COPRPORATION LIMITED
SOCM,M/S SINGARENI COLLIERIES LTD (OPEN CAST MINES) SIDING
NCSN,"M/S NOWRAJABAD COLLIERY SDG, NOWROZABAD"
SBPY,SAMBALPUR CITY
PPTP,PARADEEP PORT THROUGH DISTANCE SIDING
PSNH,M/S NATIONAL THERMAL POWER CORPORATION LTD
BWSB,BHOJUDIH COAL WASHERY SIDING
CFDI,"CENTRAL FOOD DEPOT PVT. SDG, BUDGE BUDGE"
ADMS,"AMMUNITION DEPOT MILITARY SIDING, DAPPAR"
SGBB,SQT.BHILAI MARSHELLING YARD
BLCL,"BUKRU, LINE NO. 4 CCL SIDING"
CGVS,"FOOD CORPORATION OF INDIA GRAIN GODOWN SDG,CHINGAVANAM"
CCJS,PFT OF CONCOR
UNGU,M/S UDHNA NEW GOODS SHED
SDDN,SIDDHARTH NAGAR
PTMS,"PATTAPIRAM MILITARY SDG, AVADI"
CHRI,CHARHI
SSMT,SILO SPUR SIDING OF M/S ACB (INDIA) TALCHER WASHERY PVT LTD
CCMH,PFT OF M/S. CONTAINER CORPORATION OF INDIA LTD
GPIM,M/S GODAWARI POWER AND ISPAT LIMITED
LCFD,M/S LAXMI AND CO
WGCR,WRS GOODSHED COMPLEX
FBWG,FLUSH BUTT WELDING POINT
KRLG,KOTARLIA PUBLIC SIDING
DLIB,M/S DISTRIBUTION LOGISTICS INFRASTRUCTURE PVT.LTD.
CHBD,CHENNAI HARBOUR (BHARATHI DOCKS)
PJPB,PVT SDG OF M/S JHABUA POWER LIMITED/VNK
HISE,HIRISAVE
MFGT,M/S. FCI OF GOVT. FOOD GRAIN GODOWN
BNGD,M/S BOISAR NEW GOODS SHED
PSSS,SHRI SINGAJI THERMAL POWER PLANT SIDING
CACS,CHHOTA AMBANA CONCRETE SLEEPER SDG
JOWY,M/S. JAGADISH OTHERS FCI/APSWC SIDING SRVD BY YERPEDU STN
RSCM,RAJDHAR SILO LINE CCL SDG.
BLCB,BALUMATH LINE NO-1 CCL SIDING
AIS,AJMER STORE SIDING
MKFP,M/S KANPUR FERTILIZERS AND CHEMICALS LIMITED
KURT,KHURDA TOWN
CFCC,CHANGSARI FCI SIDING (PVT)(BG)
HSYG,"HINDUSTAN STEEL STOCK YARD SIDING, BALLABGARH"
MUAT,PRIVATE SIDING OF M/S UTKAL ALUMINA INTERNATIONAL LIMITED
DMSJ,"DAULATPUR SDG AND MINERAL SDG , JMP"
HIMB,HINDALCO INDUSTRIES LTD. (MAHAN ALUMINIUM SMELTER )
KRSP,KIRSADOH RAILWAY SIDING
ARIS,"M/S,AMTEK RAIL CAR INDUSTRIES PVT.LTD."
KASA,KANSA
AIT,AIT JN.
PPDP,M/S PNP MARITIME SERVICES LTD
BEMR,M/S BHATIA ENERGY AND MINERALS PVT.LTD./ROB
SVPO,SHIVPOOR
ACSY,AMBUJA CEMENT EASTERN LTD.
TSIM,PRIVATE SIDING OF M/S TATA STEEL LIMITED
BPTV,VICTORIA DOCK BPT RLY
DNSD,"DHORI NSD COLLY. SIDING,PHUSRO, LINE NO. II"
RCPB,RELIANCE CEMENT COMPANY PRIVATE LIMITED
SSTI,"SOUTH SIDING TIRODI, TIRODI"
MBSH,"BIRLA SUPER CEMENT SIDING(GRASIM CEMENT), HOTGI JN."
TLGI,TELIGI
JKCM,J K CEMENT WORKS LTD SERVED BY MOHANBARI
BENA,BELONIA
KASN,"KHALARI SSTT. SDG. NO, 1, KHALARI"
VPDP,INTERNATIONAL CONTAINER TRANSHIPMENT TERMINAL SIDING
PFPD,M/S PALOGIX INFRASTRUCTURE PVT. LTD. DGR
PNOB,M/S NOCCi BALASORE INFRASTRUCTURE COMPANY LTD
PLAL,GCT MULTI-MODAL CG.TML OF M/S LEAP AGRI LOGISTIC FROM LILIYA
ACLR,M/S AMBUJA CEMENT LTD
GSDD,DUMKA 2ND DD lINE
RGTM,M/S RELIANCE CEMENT COMPANY PVT LTD
MCHV,MECHANIZED CARGO HDLG TRML OF VISAKHAPATNAM PORT AUTHORITY
MCTM,MARTYR CAPTAIN TUSHAR MAHAJAN
BUMA,BHALUMUDA
KHU,KHURHAND
FNSG,"FOOD CORPORATION OF INDIA SDG, NAGPUR (AJNI)"
NFLB,"NATIONAL FERTILIZERS LTD, BHATINDA"
BDXX,BADEARAPUR
TNL,TANGLA
SRR,SHORANUR JN.
FCSC,"FOOD CORPORATION OF INDIA, CHANDARI"
MZM,MUZZAMPUR NARAIN JN.
MLGH,MANDAL GARH
AKVD,AKIVIDU
AK,AKOLA (BG)
HB,HABRA
KGP,KHARAGPUR JN.
HDS,HARIDAS PUR
GMS,GARHMUKTESAR
NMZ,NEW MAL JN.
JBS,JADOLI KA BAS
CTPS,"THERMAL POWER STN. SDG, CHANDRAPURA(CRP)"
FCD,"FCI SDG DHN SDG, DHANBAD JN."
PSE,PUSAULI
DUJ,DUBRAJPUR
VG,VIRAMGAM JN.
NKE,NARKATIAGANJ JN.
FSG,PHURSUNGI
KLZ,KEOLARI
PEN,PEN
PTJ,PODANUR JN.
TSLN,"TRIVENI STRUCTURAL LTD, NAINI JN."
MOP,MOHIT NAGAR
MUGR,MANUGURU
PBC,PARVATSAR CITY
FCSK,"FOOD CORPORATION OF INDIA, KOTKAPURA"
ICLS,THE INDIA CEMENTS LIMITED
BRHU,BARAHU
SSM,SASARAM
CHKE,CHALLAKERE
TJ,THANJAVUR JN.
ASD,AMBASAMUDRAM
MSH,MAHESANA JN.
HWT,HANWANT
WANI,WANI
SET,SETTIHALLI
KRQ,KARARI
RMGD,RAMGAD
SWD,SANAWAD
NGO,NAGAUR
TTP,TIRUTURAI PUNDI JN.
SKI,SAKRI JN.
SIR,SIRHIND JN.
GTW,GATORA
VSTP,"VINDHYACHAL SUPER THERMAL POWER STN. SDG, SHAKTINAGAR"
SAES,"SAE (INDIA) SIDING, DEORI"
JAG,JALAL GARH
HESG,"BHARAT HEAVY ELECTRICAL SDG, NISHATPURA"
BLSN,BELSONDA
APK,ARUPPUKKOTTAI
SANR,SARDAR NAGAR
SKLI,SUKLI
DHL,DEVANHALLI
SLN,SULTANPUR JN.
FCPP,"F.C.I SDG NO.1, PANIPAT"
TSG,SITAPUR CITY THOMPSONGANJ SDG
ZB,ZAHIRABAD
BNN,BARNALA
CGL,CHENGALPATTU JN.
LAR,LALITPUR
SKM,SINGARAYAKONDA
KK,KHADKI
KKDE,KURUKSHETRA JN.
NDB,NANDURBAR
BYX,BOLANIKHADAN
KART,KIRATPUR SAHIB
GRE,GOLA ROAD
WHM,WASHIM
SSN,SASON
BXJ,BOKAJAN
CLW,CHILWARIYA
KTRA,KOTRA
SYW,SINDURWA
BAQ,GANJ BASODA
BLQR,BILASPUR ROAD
MCI,MANCHIRYAL
SRSI,SARSI
GTST,GAUTAMSTHAN
SJP,SHUJALPUR
NNP,NANPARA JN.
GTLW,GUNTAKAL WEST
NACC,NEW ALIPUR (CALCUTTA)
AJI,ANJHI SHAHABAD
PHWR,PEHOWA ROAD
RMU,RAMPUR JN.
GHZ,GARHARA GOODS MARSHALLING YARD
DAA,DATIA
SKTN,SHAKTINAGAR
MOGA,MOGA
KBJ,KANTABANJI
BRW,BARIWALA
BZU,BETUL
JUDW,JAGADHARI W/SHOP
BKSC,BOKARO STEEL CITY
TSF,TAHSIL FATEHPUR
BRGW,BARGAWAN
KOD,KHARAGHODA
JCY,JIND CITY
AGY,AGORI KHAS
KRMA,KARAMTOLA
DAG,DHANG
NZB,NIZAMABAD
CLX,CHIRALA
KHF,KHANTAPARA
SLCS,SHIVPOOR LINE NO.1 CCL SIDING
DBG,DARBHANGA JN.
AMS,AMAUSI
BRMT,BARAMATI
MXX,MEERUT CITY MANDI SIDING
DLI,DELHI JN.
MOZ,MUZAFFARNAGAR
TAPG,TURBHE APM COMPLEX
VSPS,VISAKHAPATNAM STEEL PLANT SIDING
DEOS,DEORIA SADAR
NBG,NABENAGAR ROAD
AIPS,"THERMAL POWER PLANT SDG, ATTIPPATTU"
AVDT,"TUBE PRODUCT OF INDIA SDG, AVADI"
DMGS,DAMAGORIA SIDING
TET,TETULMARI
BWN,BARDDHAMAN JN. (BG)
PDT,PENDURTHI
SMT,SALAMATPUR
GJN,GAJNER HALT
NMDB,NMDC IRON ORE LOADING DEPOSITE NO. 5 SIDING - BACHELI
BVM,BAYYAVARAM
GICK,"M/S GOVINDA INCLINE COLLIERY SDG, KOTMA"
TLR,TULSIPUR
STR,SATARA
PD,PHARADAHAN
PCIH,PRISM JOHNSON LIMITED
VDP,VADIPATTI
BNO,BANAR
PBCP,BHARAT PETROLEUM CORPORATION LTD. PANKI
GHS,GURUHARSAHAI
GRRK,GARERIA PUBLIC SIDING
HLBK,"HPCL LPG BOTTLING PLANT,KHURDA RD"
SHM,SHALIMAR JN.
KP,KAMPTEE
TPSM,"THERMAL POWER STATION SDG, MUZAFFARPUR JN."
HPCA,"HINDUSTAN PETROLEUM CORPORATION, ASAUDAH"
RTPR,"ROPAR THERMAL PLANT, RUPNAGAR"
RPM,ROYAPURAM
PPV,PRATAPGANJ
MGN,MEGH NAGAR
NIL,NILAMBUR ROAD
RJL,RAJMAHAL
MTD,MERTA ROAD JN.
MSZ,MANSA
REWA,REWA
WDR,WADIARAM
JNP,JAGAN NATHAPUR
BGK,BAGALKOT
IREL,PFT OF M/S IREL (INDIA) LIMITED
RFCI,"FCI SDG, RAJNAND GAON"
PRPL,"PARADEEP PHOSPHATES LTD, PARADEEP"
SRGR,SARAYGARH
SPMG,"SIRPUR PAPER MILLS LTD, SIRPURKAGHAZ NAGAR"
BRGA,BARGARH ROAD
ESCL,"M/S ELECTRO STEEL CASTING LTD SDG,SODPUR"
IOCT,IOC SDG TATANAGAR JN
FCP,"FOOD CORPORATION OF INDIA, PEHOWA ROAD"
MTDM,METTUR DAM
SKLR,SAKLESHPUR
BPAG,"BHARAT PETROLEUM CORPRN..LTD(LPG BOTTLING PLANT)SDNG,ASAOTI"
AYRN,AKSHAYWAT RAI NAGAR
RUSG,RUDRAM PUR (NO1. 5 INCLINE)COLLIERY SDG. BHADRA CHELLAM ROAD
NFLG,"NATIONAL FERTILIZES LTD. SDG., VIJAYPUR"
SGTP,SANJAY GHANDHI THERMAL POWER HOUSE
LIOC,"IOC Siding, Lalkua"
SKSS,M/S SKS POWER GENERATION (C.G.) LTD /SPBC
PRJP,RAGHUNATHPUR THERMAL POWER STATION OF M/S DVC
MPGC,MRB PATIALA STORAGE PRIVATE LTD
KMKA,KUSMUNDA (SILO) PRIVATE SIDING OF SECL SERVED BY KORBA
WCMB,M/S WONDER CEMENT LTD SIDING
HURN,"HINDUSTAN URVARAK EVAM RASAYAN LIMITED SIDING,GORAHAKHPUR"
LAGK,GCT M/S LEAP AGRI LOGISTICS (BARODA) PVT LTD - KAYAVAROHAN
URAN,URAN
LAPR,LOKAPUR
YTPV,M/S YADADRI THERMAL POWER STATION
JCSK,M/S JSW STEEL COATED PRODUCTS LIMITED
WCST,GCT M/S WONDER CEMENT LTD-TIMBA ROAD
SPES,SHEIKHPURA PUBLIC SIDING (EXTENSION)
MMBP,MANOHARPUR MINES SIDING OF OPGC/BPH
MTM,MACHILIPATNAM
PLNI,PALANI
PRPI,PANDHAR PAVANI
BARJ,BHARATGARH
KEA,KATRA
RWJ,RAWANJNA DUNGAR
BBGN,BARUA BAMUN GAON
KNW,KHANDWA (BG)
ETK,ETAKKOT
SUR,SOLAPUR JN.
HSX,HOSHIARPUR
HYA,HADIAYA
KUL,KALLAYI
KHBJ,KHANNA BANJARI
OCH,ODHANIYA CHACHA
JPH,JHANTI PAHARI
HRH,HARTHALA
BHL,BHILWARA
VZM,VIZIANAGARAM JN.
SRBA,SARAG BUNDIA
SLU,SASALU
DPR,DHAMPUR
LP,LALAPET
DJG,DULIAJAN
NCB,NEW COOCH BEHAR JN.
AQG,ASHAPURA GOMAT
AAM,ANGADIPPURAM
TUA,TIRUNNAVAYA
PNP,PANIPAT JN.
TTLA,TETELIA
CDG,CHANDIGARH
HCP,HARCHANDPUR
BTI,BATHINDA JN.
ZN,JANGAON
TKLE,TIKANI BH HALT
HSA,HASIMARA
GDN,GANGAI KONDAN
SSA,SIRSA
MKA,MOKAMA JN.
CBU,CHINNNABABU SAMUDRAM
LMO,LILIYAMOTA
TNKU,TANUKU
AST,ASAOTI
CJ,KANCHIPURAM
ULG,UDAL GURI
DBA,DABRA
BTF,BATHNAHA
GIN,GINIGERA
HPP,HARPALPUR
SIC,SONIK
BGN,BORGAON
CHE,SRIKAKULAM ROAD
BNWC,BHIWANI CITY
AJL,AJITWAL
CIL,CHIL BILA JN.
GGPP,M/S GOURIDEEP OPEN CAST MINE GCT OF M/S WESTERN COAL FIELDS
BAHL,BANIHAL
QSBK,QUARRY SIDING BAKUDI
GDYT,GOODS DEPARTURE YARD AT TATANAGAR
AALJ,ADANI AGRI LOGISTICS (KANNAUJ) LIMITED GCT JASODA
NPBW,NEW PUBLIC SIDING BARHARWA
KEBG,KARAMBELI GOODS SHED
DNCN,NEW DAGMAGPUR
RCG,RACHAGUNNERI
CCSB,M/S CHURCHA COLLY. BAIKUNTHAPUR
KKU,KANAKPURA
JRNA,JIRINIA
ICDB,INLAND CONTAINER DEPOT AT BALLABHGARH
ICDA,INLAND CONTAINER DEPOT
MNCK,Nagarjuna Cement Ltd. Sdng
JMP,JAMALPUR JN.
KJMS,"FOOD CORPORATION OF INDIA GRAIN GODOWN SDG, KRISHNARAJAPURAM"
MLAR,MALANPUR
MCSI,M/S JSW STEEL LTD SIDING
ICDM,"INLAND CONTAINER DEPOT,MALANPUR"
BFP,BILOCHPURA
PSBD,BARADUAR GOODS SHED LINE NO.04
DCCS,DAULATABAD CONCOR SIDING
CSRR,CONCOR DEPOT SIDING RAVTHA ROAD
SSCK,SIJUA STABLING COLLIERY SIDING KATRASGARH
ISF,"INDIAN OIL CORPORATION SDG, FEROK"
UDL,ANDAL JN.
BHRB,BHAIRABI
GPCK,GEVRA PROJECT (JUNADIH) COLLIERY I-IV
STBD,SULTANABAD HALT
MGCH,PRIVATE SIDING OF M/S ULTRATECH CEMENT LIMITED
VPCD,M/S VAMAN PRESTRESS CO. DIGSAR
KCSP,KOTTADIH COLLIERY SIDING PANDABESWAR
BR,BANDH BARETA
APWP,M/S ANDHRA PARADESH STATE WAREHOUSING INVESTORS GODOWN
VPTG,VISAKHAPATNAM PORT TRIPPLER IRON ORE UNLOADING SIDING
KFCG,"FOOD CORPN. OF INDIA SDG, KALAMBOLI EXCHANGE YARD"
PCPN,M/S NUVOCO VISTAS CORPORATION LTD SERVED BY NIPANIA
ISMC,IOC SIDING/MALDA COURT (P) (BG)
COF,COROMONDEL INTERNATIONAL LIMITED SIDING
KFCS,"FCI SIDING, KARUNAGAPALLI"
KFSG,"HIGH EXPLOSIVES FACTORY SDG, KHADKI"
CSPS,"CENTRAL SCREENING PLANT, MANUGURU"
ION,"IOC SDG (A) (BG), NEW JALPAI GURI"
PMRN,RASHMI METALIKS LTD AT GOKULPUR
MBIV,M/S BMM ISPAT LTD. PRIVATE SIDING SERVED BY VYASANAKERE
CCIP,EXCHANGE YARD OF CCI SIDING AKALTARA
KAYR,KAYER
HND,HINDOL ROAD
SDAH,SEALDAH
NU,NARSINGHPUR
IOCM,"IOC LTD SDG, MANGLIYA GAON"
BSCS,BOKARO STEEL PLANT
LOMB,"M/S LAJKURA OPEN CAST MINES I AND II, BRAJARAJNAGAR"
FCIV,"FOOD CORPN. OF INDIA, KANDIVLI"
KTWY,KATHARA WASHERY
RE,REWARI JN.
BPCL,BPC/IBP Siding
IBTB,IBTHERMAL POWER STATION OF M/S OPGC
PCCM,"PONRI HILL COLLIERY SDG, CHRM"
DUA,DHAURA
PPGP,PARADEEP GYPSUM LDNG SDNG
PBPS,"BPC POL SIDING, PILAMEDU"
BSAU,"M/S BAWANA SAI ASSOCIATES SIDING, UPPALUR"
OTPS,"OBRA THERMAL POWER STN, OBRADAM"
BCSW,"CEMENT WORKS SIDING BIRLA CORPORATION LTD, SATNA"
FIH,FOOD CORPN. OF INDIA
CCIL,CONTINENTAL CARBON INDIA LTD. GHAZIABAD
LPGS,LPG SIDING (IOC) SHIRVA
FBG,FORBESGANJ JN.
BCSR,BACHRA SDG AT RAY
CCSR,CHURI SDG AT RAY
SIKI,SULIKERI
PCLS,PIRPAINTI COAL LDG RLY.SDG
JKTP,JUKAL
WCGS,M/S WONDER CEMENT LTD GATI SHAKTI MULTI MODAL CARGO TML SONU
MMRT,M/S MRPL SIDING
EOLD,M/S NAYARA ENERGY LTD
PMAM,ADANI POWER LTD
WPA,WEST PORT SIDING
SDWR,SIDHWAR
PEMJ,PVT SIDING OF M/S ODISHA MINING CORPORATION LTD (APPAHATU)
KFIG,M/S kIRLOSKAR FERROUS LTD PRIVATE SIDING GINIGERA
NBSN,M/S NOWROZABAD BALLAST SIDING
AKPK,"M/s ADANI KRISHNAPATNAM PORT LTD SIDING, KRISHNAPATNAM"
PSCS,M/S SHREE CEMENTS LTD
UCGK,M/S UDAIPUR CEMENT WORKS LTD GATI SHAKTI MULTIMODAL CARGO T
RINN,M/S. RASHTRIYA ISPAT NIGAM LTD.
MAPT,M/S ACC LIMITED PRIVATE SIDING SERVED BY THONDEBHAVI STATION
MPJP,M/S.PENNA CEMENTS LIMITED
PWCL,M/S SAI WARDHA POWER GENERATION LTD
PGFS,M/S GATEWAY RAIL FREIGHT LTD SDNG
CEDC,COSSIPORE CONTAINER RAIL TERMINAL
SONU,SONU
RSCS,RAJGAON STONE CO. SIDING
AFSD,"AIR FORCE SIDING, DIGARU"
ISNL,M/S ADANI LOGISTICS SERVICES PRIVATE LIMITED
NLSK,PRIVATE SIDING OF M/S NTPC LARA STPP / KRL
TJSP,TAJ SULTANPUR
NPGA,NABINAGAR SUPER THERMAL POWER STATION SIDING SRVD BY ANKORAH
AFCS,"FOOD CORPORATION INDIA SDG, ANGAMALI FOR KALADI"
MESR,MESRA
JLWC,JHALAWAR CITY
KIHC,M/S KRIBHCO INFRASTRUCTURE
JSWN,"M/S JSW STEEL LIMITED SIDING, NANDIHALLI"
HEBS,M/S HALDIA ENERGY LTD.
NVCN,EXISTING R AND D YARD OF M/S NUVOCO VISTAS CORPORATION LTD
PMHP,PFT M/S MUSADDILAL HOLDINGS PRIVATE LTD
BSTC,BHARATPUR SILO SIDING OF MAHANDI COALFIELDS LIMITED
GPHK,M/S HIND TERMINAL PVT. LTD
NWSI,NAWAL SAHI HALT
OFLD,M/S ORIENTAL FOUNDRY PRIVATE LIMITED
SPUS,SPUR LINE NO.II
BPOI,BHARAT PETROLEUM CORPORATION LTD. PRIVATE SIDING
BAIS,"BARPETA AGRO INFRA SIDING ( PVT/BG), SORBHOG"
NGRH,NEW GIRIDIH
NBCC,BHARTIYA RAIL BIJLEE COMPANY LIMITED
MCCS,ULTRA TECH CEMENT LIMITED (UNIT: SONAR BANGLA CEMENT WORKS)
GVKK,M/S. GVK POWER (GOINDWAL SAHIB ) LTD.
KDOS,M/S K.D.(OLD) SIDING
TCSB,TARMI COLLIERY SIDING BHANDARIDAH
WBCC,WEST BOKARO COLLIERY SIDING CHAINPUR
MSPC,"M/S MAUDA SUPER TPS,NTPC LTD"
MGBK,PRIVATE SIDING OF M/S GMR KAMALANGA ENERGY LTD
SADP,SAIDAPUR
SIHI,SHIHORI
HPCR,"HINDUSTAN PETROLEUM CORPN. LTD. SDG BG, KHARI ROHAR ROAD"
MSCM,M/S.SAGAR CEMENT LIMITED SIDING SERVED BY MATTAMPALLE
PMKM,DP WORLD RAIL LOGISTICS PRIVATE LTD
KPCA,M/S KAMARAJAR PORT LTD CONTAINER TERMINAL PRIVATE SIDING
PLPU,Amarkantak Power Pvt. Ltd.
SRBS,"M/S JAI BALAJI INDUSTRIES, LTD."
JPVN,M/S JAIPRAKASH POWER VENTURES LTD. (THERMAL POWER PLANT) SDG
AWCA,M/S ANAPARTI WAREHOUSING COMPLEX PRIVATE LTD SERVED BY APT
PSMR,M/S RELIANCE CEMENT COMPANY PRIVATE LIMITED
DBSD,"DONGRIBUZURG SIDING , DONGRIBUZURG"
MTSB,M/S JRC TRANSCON PVT LTD GCT AT BARAJAMDA
PDTK,DEEN BANDHU CHOTU RAM THERMAL POWER PROJECT YAMUNA NAGAR
BSGS,BHUSAVAL GOODS SHED
MECB,M/S EARTH MINERALS COMPANY LTD
SIBR,SHRIBAR
BHRM,BISHRAMGANJ
BKRI,BHARAT PETROLEUM CORP LTD - KR
MAKU,MSPL AHB SIDING SERVED BY KARIGANURU
GKG,GOKALGARH
PLHW,PALHAWAS
DDSP,"DEEP DRAUGHT IRON ORE AND COAL BERTHS OF M/S PPT, PHASE-II"
BSPN,BASSI PATHANAN
FCIR,FOOD CORP. OF INDIA RAJAHMUNDRY
FCPA,"FOOD CORP. OF INDIA, PENNADA AGRAHARAM"
BNV,BINNAGURI
ARAG,ARAG
NMSG,NEPA LIMITED SIDING
BMH,BETAMCHERLA
BAGA,BHAGEGA
TIS,TATISILWAI
RAJR,RAJUR
MGW,MAGARWARA
PKO,PALAKOLLU
TPAP,"THERMAL PLANT (ASAN) , PANIPAT"
GVMR,GOVINDI MARWAR
SBE,SORBHOG
JPZ,JOGIGHOPA
MBO,MAIRABARI
FZP,FIROZPUR CITY JN.
LYD,LAYABAD
EPHI,EPH SIDING RAJGHAT
NFLN,"NATIONAL FERTILIZERS LTD, NANGALDAM"
TOP,TAPASI
PHE,PAHALEJA
BDMA,BUDHMA
FCIZ,"FOOD CORP. OF INDIA, ZANGALAPALLE"
KBM,KOTABOMMALI
MW,MAIRWA
MNGT,MYSURU NEW GOODS TERMINAL
BXB,BANGA
FL,PHULERA JN.
TTO,TARN TARAN
TD,TANDA
JHL,JAKHAL JN.
KNRI,KUNURI
KID,KHAIRAR JN.
VMA,VIKRAM GARHALOT
JDWS,JAMADOBA WASHERY SIDING
NLK,NAVLAKHI
ABU,AMBATTUR
BNDM,BONDA MUNDA JN.
OLR,OLLUR
DHW,DHARIWAL
NMH,NIMACH
DCOP,"DURGAPUR COKE OVEN PLANT EXCHANGE YARD SDG, WARIA"
REG,REGUPALEM
BFSG,"BHARAT FORGE CO SDG, HADAPSAR"
BOJ,BHOJO
IACM,M/S HINDALCO INDUSTRIES LTD
CFSL,"C.G.F.G. SIDING, LUCKNOW"
NRW,NARWANA JN.
BPTG,GRAIN DEPOT
BVTD,"BHAVNAGAR TIMBER DEPOT PUBLIC SDG, BHAVNAGAR TERMINUS"
BDC,BANDEL JN.
SV,SIWAN JN.
TBM,TAMBARAM
NJN,NAOJAN
BPRD,BARPETA ROAD
JPTN,JAGGAYYA PETA TOWN
DKZ,DELHI - KISHANGANJ
NYN,NAINI JN.
TRA,TANGRA
BXG,BHANGA
SLKX,SALAKATI
CHK,CHAKERI
KVK,KAVATHE-MAHANKAL
ETW,ETAWAH
NG,NAGARI
ASR,AMRITSAR JN.
KYJ,KAYANKULAM JN.
KLOD,KELOD
PRLI,PARLI VAIJNATH
TDO,TANDA-URMAR
ABS,ABOHAR JN.
SLI,SANGLI
RGH,RAMGARHWA
KTI,KANTI
DDW,DUDWA
TQN,TIKUNIA
BD,BADNERA JN.
YLK,YELLAKARU
PALM,PALAIYAM-I
KRKP,KYARKOP
MALM,MANTHRALAYAM ROAD
BSP,BILASPUR JN.
JPL,JAPLA
KRSL,KRISHNA SHILA
CHD,CHANDIA ROAD
KRD,KARAD
HRW,HARRAWALA
MLJ,MOHAN LAL GANJ
BHB,BADLAGHAT
SYL,SALPURA
BDN,BHADAN
QRP,KILA RAIPUR
GLY,GOLLAPALLI
JBD,JALLALABAD
GRG,GUWARI GHAT
BAZ,BARAN
DOA,DORAHA
KSA,KHASA
PP,PURANPUR
RC,RAICHUR
DVR,DORAVARICHATTRAM
TORI,TORI
STD,SATROD
BMPR,BADAMPAHAR
BNSG,"BANMOR SIDING, BANMOR"
REP,REDDIPALEM
HLD,HALUDPUKUR
OPL,UPPAL
TAPA,TAPA
KCVL,KOCHUVELI
GW,GIRWAR
WCF,"WESTERN COAL FIELD LTD, NEW PANDHAR PAVANI"
SAIN,"STEEL AUTHORITY OF INDIA LTD, NAGALAPALLE"
IMFT,"INDIAN METAL AND FERRO ALLOYS LTD, THERUVALI"
BAST,PURE BANSORA COLLIERY SIDING SONACHARA
FTS,FATEHPUR SIKRI
RGJ,RAIGANJ
SLJ,SAKRIGALI JN.
BID,BIDADI
FZD,FIROZABAD
BJSP,BONJEMEHARY COLLY SIDING
PWCT,PARASCOLE WEST SIDING
KJGY,KHANALAMPURA J.G.Y
SCSC,SARUBERA COLLIERY SIDING CHAINPUR
TIL,TILRATH
IOCR,"IOC SDG, RAJBANDH"
PSJA,"JARANDIN PVT. SDG, JARANGDIH"
CMSG,"CENTRAL ORDINANCE DEPOT, DEHU ROAD"
NRM,NURMAHAL
DNA,DEGANA JN.
BPOB,BHARAT PETROLEUM OIL DEPOT SDG BAITALPUR
RDP,RADHIKAPUR
SUJH,SUJANGARH
GME,GUMANDEV
DFCI,"FOOD CORPORATION SDG, DURGAPUR"
PC,PACHORA JN.
IOPK,"INDIAN OIL CORPORATION, PANKI"
PBCB,"M/S BHARAT PETROLEUM LTD. SDG, BAKANIAN BHAUNRI"
MLQ,MALKERA JN.
ALUS,"ARIYALUR CEMENT PROJECT SIDING, ARIYALUR"
TRL,TIRUVALLUR
BSZ,BHARWA SUMERPUR
GNVS,M/S GUJARAT NARMADA VALLEY FERTILIZERS AND CHEMICALS LTD.
GVH,GOVIND GARH
HTT,HATTA ROAD
GDG,GADAG JN.
BPPS,BARRACKPORE RACECOURSE SDG(FOR MILY ONLY) BARRACKPORE
CESC,M/S CESC COSSIPORE ROAD CED
FGSG,"FOOD CORPORATION SIDING, AGRA CANTT."
PRNT,PERIYANAGA THUMAI
NFLD,"NATIONAL FERTILIZERS LTD, DIWANA"
MKS,MUKTSAR
BXM,BELRAYAN
MSGD,"MILITARY RAMP SIDING, DHANDHERA"
OKSR,OLD KUSMUNDA COLLY SDG
UGSM,UPPER GANGES SUGAR MILLS SIDING SEOHRA
LPBG,"LPG SIDING FOR BPCL, BHITONI"
GHE,GHEVRA
RZN,RAUZAGAON
DDPS,"DEENDAYAL PORT TRUST TERMINAL, SHIRVA RAIL LINK"
NWSN,NIGAHI WHARFWALL NCL SIDING
PWPS,PANDABESWAR PUBLIC SIDING
NKCN,NEW KARCHANA
HPGH,HASTI PETRO CHEMICAL AND SHIPPING LTD GCT SRVD BY HANWANT
GNCK,GATI SHAKTI CARGO TRML(GSCT)OF M/S NCML CHHEHREATTA PVT LTD
BOMK,BAROUD OC MINES SIDING OF SECL
JCGA,GCT OF M/S J K LAKSHMI CEMENT LTD
UTCP,M/S ULTRATECH CEMENT LIMITED
HPGN,GCT OF M/S HINDUSTAN PETROLEUM CORP LTD
SPNG,GCT MULTI-MODEL CARGO TRML OF SHIRPUR POWER PVT LTD FROM NDN
UCSM,GCT OF M/S ULTRATECH CEMENT LIMITED
ATGC,GCT MULTIMODEL CARGO TRML OF M/S ALPHA TRML PVT LTD CHANDISA
PSBP,SONEPUR BAZARI SIDING OF ECL
BKIR,BAKUDI IRCON SIDING
BKMT,BAKUDI MALITOK SIDING
PILD,M/S PLASSER INDIA PVT. LTD. TAKING OFF FROM LAKODARA
NTMK,NTPC TALAIPALLI MINES
PDFK,DFCCIL CONSTRUCTION DEPOT SIDING
SPTR,SILAPATHAR
PS,PARAS
DTC,DITOKCHERRA
PDPL,PEDDAPALLI
PUX,PARASIA JN.
KB,KHAIRABAD (AVADH)
GSPR,GOSALPUR
BALE,BALE
KRE,KARTARPUR
BMQ,BHIMARLAI
MYL,MALLIYALA
VYN,VYAS NAGAR
CID,CHIRAI DONGRI
NNO,NANGLOI
CKH,CHAKAND
LCH,LINCH
JOQ,JORAI
DNRP,DUNGARPUR
SHC,SAHARSA JN.
TAE,TADALI JN.
VNJ,VANJIPALAIYAM
BHW,BARHARWA JN.
FTP,FATEHPUR
BRG,BARGARH
BRGT,BHERAGHAT
MRND,MORINDA
KMA,KAIMA
CPP,CHIPURUPALLE
SMI,SITAMARHI
BIM,BILIMORA JN.
BLS,BALASORE
RV,RAVER
BYC,BALLARI CANTT.
KNR,KANKINARA
MYP,MUNDIYAMPAKKAM
BBK,BARA BANKI JN.
MCRD,MECHERI ROAD
CAN,CANNANORE
GNN,GANGINENI
MEKM,MELAKKONANAKKULAM
SHDM,SHAHABAD MARKANDA
GNJ,GUNJI
BPF,BANAPURA
GJL,GAJRAULA JN.
SKL,SINGAPERUMAL KOIL
PBL,PATHSHALA
RPH,RAMPUR HAT
NWU,NAVA PUR
ADRA,ADRA JN.
BPGK,M/S BHARAT PERTOLEUM CORPORATION LIMITED
NTDG,NTPC DIPKA SILO
SBNR,SHRI VIJAI NAGAR
MSIB,GCT MULTI-MODAL CG TML OF M/S MARUTI SUJUKI INDIA P.L(MSIL)
GPTH,M/S NUPPL-GHATAMPUR THERMAL POWER PLANT
PSHP,PARTHASARATHIPURAM
GJWL,GAJWEL
GDNL,GCT TO SRV. DARLIPALI SUPER THERMAL POWER PROJ OF M/S NTPC L
SKHV,SUKHOVI
BLPS,BARHARWA LOWER PUBLIC SIDING
UCLB,M/S ULTRA TECH CEMENT GRINDING UNIT SIDING
SNTP,"NTPC LTD. PVT SDG.,SALALKATI (BG)"
SOP,SHIVPUR
HPPK,"HPCL SDG, PARADEEP"
BRPN,"BANGAIGOAN REF PETRO CHEM COMP LTD(P)SDG BG,NEW BONGAIGAON"
ICDG,INLAND CONTAINER DEPOT AT JUHI/KANPUR
SGK,SOUTH GOVINDPUR SDNG
FCSH,"FOOD CORPORATION OF INDIA, HAPUR"
KWJP,KARGALI WASHERY SIDING PF-II
TNFS,"MADRAS FERTILIZER SIDING, TONDIARPET"
G,GONDIA JN(BG)
BPCB,"BPCL SDG, BIJWASAN"
SICD,SALEM MARKET-CONTAINER RAIL TERMINAL
KBR,KABRAI
TISR,"TATA IRON AND STEEL CO SDG, TIRUNINRAVUR"
HPCE,"HINDUSTAN PETROLEUM CORPORATION SDG, ELATTUR"
NYG,NAYAGARH
THL,TIRUVALAM
CHTC,"CHTS CONTAINER HANDLING LINE, COCHIN"
FDM,FCI SDG. DHAMORA
IONI,IOC SDG. NARIOLI
RJCB,"RAJNAGAR COLLIERY SDG, BIJURI"
NTPC,"NATIONAL THERMAL POWER CORPORATION LTD., RAMAGUNDAM"
MIHK,M/S IOC SIDING HAZIRA KOSAD
BCSU,BANKOLA COLLIERY SIDING
SBCT,SOUTH BALANDA-JAGANNATH COLLIERY SDG
ICCC,M/S INDIAN METALS AND FERRO ALLOYS LIMITED
PPAP,"ADB COAL HANDLING PLANT, PARADEEP PORT TRUST"
PRMB,M/S RASHMI METELIKS LTD. SERVED BY BARA JAMDA
SPDM,SINGHPUR DUMRA
KSAG,"STEEL AUTHORITY OF INDIA LTD. SDG, KALAMBOLI EXCHANGE YARD"
ADIP,"DUNCANS INDUSTRIES LTD., PANKI/KANPUR"
APLP,POL SIDING PARTAPUR (IOC SIDING)
NHSR,RANGAPANI PUBLIC (RAILWAY) SIDING
HPCH,M/S HINDUSTAN PETROLEUM CORPORATION LTD. SDG SRV HAS
ARSG,"CENTRAL ORDINANCE DEPOT MILITARY SDG, S/B AGRA CANTT."
FCIE,"FOOD CORPORATION OF INDIA SDG (P) (BG), MALDA COURT"
BTPK,"NEW BG BTPS SIDING, SERVED BY KUDATINI"
BYFS,BOLANI FINE ORE OF M/S BSL
FBWS,"M/S FLASH BUTT WELDING SDG, JHARSUGUDHA JN."
OCIG,"ORISSA CEMENT LTD, RAJGANGPUR"
VZPB,"M/S INDIAN OIL CORPORATION(P) SDG, VISHAKHAPATNAM PORT TRUST"
STDV,M/S NTPC SIMHADRI THERMAL POWER STATION
FCIK,"FOOD CORP. OF INDIA SDG, KHAMMAM"
ICBR,"IOC LTD. SDG, VASAI ROAD JN."
JSME,JASIDIH JN.
KI,KONDAPALLI
ROU,RAURKELA JN.
DKSK,DUMRIKHURD SDG. (S/BY KANHAN)
RHIH,M/S RAIPUR HANDING AND INFRASTRUCHTURE PVT. LTD. SDG
PVSB,VARDHAMAN FABRICS SIDING. BUDHANI
SKAR,SAKARIYA
AMWM,MAHUDA COAL WASHERY SIDING-MAHUDA
MTPK,MSEB THERMAL POWER PLANT
MHBS,M/S HPCL AND BPCL SDNG Asst Cum Pvt sdng
HPLC,HPCL(POL) SIDING-BHILAVDI
MLSW,M/S EVONITH VALUE STEEL LTD
DDSG,"DIAMOND CEMENT SIDING, DAMOH"
PBWB,"BHELATAND WASHERY, BHELATAND"
PSBS,"BHAVANATHPUR LIME AND STONE SDG, MERALGRAM"
BTSS,"BARAUNI THERMAL POWER STN. SDG, SIMARIA"
BPCI,"BHARAT PETROLEUM CORPN. LTD. SDG, IRUMPANAM"
PNPS,HINDUSTAN NEWSPRINT LIMITED SIDING
MVTS,"PORT OF NEW TUTICORIN SDG, MILAVITTAN"
PNVT,PANCHARATNA
GUNA,GUNA JN.
GCNM,GORBI BLOCK-B CHP NCL SDG
SIPT,SIDDIPET
SRBK,SAIL RITES BENGAL WAGON INDUSTRY PVT LTD
BAF,BAP
CBCK,CHANCHJBMATA/DBCOLLIERY SIDING KUMARDUBI
LMGF,LUMDING JN.
MGIS,"M/S GALLANTT ISPAT LTD, SIDING,SAHJANWA"
MAPD,M/S ADANI PETRONET (DAHEJ) PORT LIMITED
MQ,MANNARGUDI
NCMB,NATIONAL COLLATERAL MGMT SERVICES BHATTU PVT L GCT S BY BHT
HUFP,HARAULI FATEHPUR
BRBC,BARPALI ROAD
JSLS,PFT OF M/S JINDAL STAINLESS LIMITED
MHZR,M/S HINDUSTAN ZINC LTD SIDING
JAJB,JHAJHA BALLAST SIDING
NCBD,NEW CHANGRABANDHA
MRCN,M/S RAMCO CEMENTS LTD. SIDING SERVED BY NARASINGAPALLI
GFCJ,GREENFIELD PFT OF M/S CONCOR AT JSG
RMBK,"R.E.MILITARY SIDING,BARKAKANA"
LTBK,"LINE NO.10,BARKAKANA"
ICAK,M/S ADANI LOGISTIC LTD
FCC,"FOOD CORPORATION OF INDIA SDG, GORAKHPUR CANTT."
KPFP,M/S KESAR MULTIMODAL LOGISTICS LTD
ZCT,ZUARI CEMENT LTD. TILATI
BNDG,BANDAG SIDING
OCPC,M/S ORIENT CEMENT LIMITED
KSNK,"M/S KUDGI STPP-NTPC SIDING,KUDGI"
PLIN,M/S LAKSHMI NARASIMHA SWAMY INFRASTRUCTURE PVT LTD
KMPS,"KUMARA PATNAM BG SDG FOR GRASIM INDUSTRY LTD. UNIT, HARIHAR"
BIRT,BIRATOLI
BRYC,BAREILLY CANTT
IIEL,M/S INDIANOIL ADANI VENTURES LIMITED
MBPB,M/S SHRI BAJRANG POWER AND ISPAT LTD SDG
UCLM,ULTRA-TECH CEMENT LTD. UNIT:MAIHAR CEMENT WORKS
VGSD,VIZAG GENERAL CARGO BERTH PVT. LTD SIDING
APAP,AGRI-PARK
AIPZ,ZUARI CEMENTS LTD SIDING
MSPV,M/S SMIORE PLANT SIDING SERVED BY VYASA COLONY RAILWAY STN
DPE,DEVARAPALLI
PSRS,IN-PLANT YRD OF(P.K.MINES)M/S ADANI TRACK MGMT SERVS PVT LTD
APCN,M/S CHALLA SRINIVAS REDDY AND OTHERS
AMPS,M/S ADANI TRACK MANAGEMENT SERVICES PRIVATE LTD/SJQ
MSNN,MILITARY SIDING NASIRABAD SERVED BY NSD
MBPG,"M/S.BHARAT PETROLEUM CORPORATION LTD,SDG SERVED BY GOOTY STN"
NDKK,NEW DAUDKHAN
DKGN,DEKARGAON
SMPB,SHREE MEGA POWER SIDING
PLPC,M/S PRISPINE MEGA LOGISTICS PARK PVT. LTD. (PFT)
HPSB,HPCL POL SIDING
BPTP,BHANUPRATAPPUR
CCPP,M/S CONCOR PRIVATE SIDING
BPSH,BARHARWA PUBLIC SIDING
PLCP,PHULBASIA LINE NO.4 CCL
MGCT,PRIVATE SIDING OF M/S GLOBAL COAL AND MINING PVT. LTD.
IUIK,M/S INDUS UDYOG AND INFRASTRUCTURE PRIVATE LIMITED
MJMK,JINDAL INFRASTRUCTURE LTD.-SIDING
KCSA,KUMARDIH COLLIERY SIDING
BUF,BIMLAGARH JN.
CMGR,CHIKKAMAGALURU
MSTB,M/S SANJVIK TERMINALS PVT.LTD SERVED BY BAWAL(BWL)
SLTC,M/S CHETTINAD CEMENT CORPORATION PVT.LTD. SIDING SRV BY SLTH
UCLS,ULTRA TECH CEMENT LTD. UNIT:DALLA CEMENT WORKS
DGSC,DUGDA (LINE NO.-2) PUBLIC SIDING
HRNS,HARINSING
PDPB,M/S DEEPAK AND STEEL POWER LTD. SERVED BY BARA JAMDA
PMHL,"PVT. SDG. OF M/S. HINDALCO INDUSTRIES LTD., LOHARDAGA"
PMHD,POL SIDING OF M/S. HPCL
PCRG,CONTAINER CORPORATION OF INDIA LIMITED
HAB,BAH
SCIC,M/S SIDCUL CONCOR INFRA COMPANY LTD. PFT SIDING
ASLS,"ANDHRA SUGARS LTD, KOVVUR"
MFSG,"MAHARASTRA STATE ELECT BOARD SDG, BHUSAVAL"
GUH,GULDHAR
NAM,NAMRUP
JBN,JOGBANI
KON,KUDAL NAGAR
BQI,BOMMIDI
KLP,KOTALPUKUR
BRR,BARAKAR
BTBR,BUTI BORI JN.
TBDM,TUNGABHADRA DAM
MBB,MURSHIDABAD
GHNA,GOHANA
HCR,HARISH CHANDARAPUR
CGN,CHIRGAON
NRT,NARASARAOPET
RJG,RAJGRAM
SGRL,SINGRAULI
IOCS,"INDIAN OIL CORPORATION, SUBEDARGANJ"
BHEH,"BHARAT HEAVY ELECTRICALS LTD, HARIDWAR"
SGWF,WHITE FIELD SATELLITE GDS TMNL
MNQ,MAINPURI
BWT,BANGARPET JN.
BPC,BERHAMPORE COURT
BDHN,BODHAN
LKR,LUCKEE SARAI JN.
HPU,HAPUR JN.
NZD,NUZVID
BHKD,BHURKUNDA
PEM,PERALAM JN.
KFD,KARANJADI
HAS,HASSAN JN.
PKT,PATTUKKOTTAI
RHA,RANAGHAT JN.
MCS,MANCHESWAR
KIJ,KULDIHA
MEP,MEHIDPUR ROAD
LDH,LUDHIANA JN.
SGZ,SHAMGARH
PICS,IOC LTD. JAYANT SHAKTINAGAR
GHSG,GHORPURI GRAIN GODOWN SIDING
KJI,KHAJAULI
KDLP,KANDLA PORT
HLDD,HALDI ROAD
STPS,"SANTALDIH STN, SANTAL DIH"
MDSP,"MILITARY DISMANTLLING SIDING (AANDB), PATHANKOT"
RIG,RAIGARH
NRG,NERGUNDI JN.
LIG,LINGA
VCSN,ULTRATECH CEMENT SIDING - JAWAD ROAD AND NIMBAHERA
JJKR,JAJPUR KEONJHAR ROAD
PDKT,PUDUKKOTTAI
DMH,DAURAM MADHEPURA
KUMB,KUMAR BAGH
PAW,PANDABESWAR
PATA,PATA
GDV,GUDIVADA JN.
UMRA,UMRA
KDF,KHUNDAUR
MAD,MADDUR
PAD,PARDI
NIA,NAILA
DGG,DONGAR GARH
SRX,SURANUSSI
KAWR,KARWAR
TPND,TALOJA PANCHNAND
GWD,GADWAL
BH,BHARUCH JN.
KSV,KOSIKALAN
BQP,BIGHAPUR
TEL,TENALI JN.
SMO,SEMAPUR
CNH,CHAUNRAH
VYS,VYASANKERI
BHNG,BHALUKPONG
GQL,GURLA
HGT,HINGANGHAT
JGN,JAGRAON
SHK,SHEIKH PURA
MMB,MAHMUDABAD (AVADH)
ND,NADIAD JN.
WSA,WADSA
KRPU,KORAPUT JN.
BRP,BARUIPUR JN.
NK,NASIK ROAD
NBI,NADBAI
AJJ,ARAKKONAM JN.
DHN,DHANBAD JN.
NSS,NAWASHAR-DOABA JN.
IMGE,ISMAILPUR
KIZ,KANSUDHI
CBF,COIMBATORE NORTH JN.
HZH,HAZRATHPUR HALT
KEB,KARAM BELI
CHZ,CHARLAPALLI
BOR,BOISAR
ZP,ZERPUR PALI
GOC,PONMALAI (GOLDEN ROCK) JN. GOODS
FKA,FAZILKA JN.
PKD,PENU KONDA
BN,BIBINAGAR
BSGN,BASUGAON
ALJN,ALIGARH JN.
MINJ,MAIKALGANJ
RJN,RAJNANDGAON
TPGY,TIRUCHCHIRAPPALLI GOODS
CP,CHITPUR
FDSG,"SPECIAL RLY SDG, FARIDABAD"
BLH,BELGHARIA
RWO,RANAVAV
SGND,SHRIGONDA ROAD
VSG,VASCO-DA-GAMA
HPCG,"HPCL LTD, GANGINENI"
CMU,CHAU MAHLA
FCIG,"FCI NEW SDG, VISHAKHAPATNAM PORT"
HIWS,"HIRAKUND INDUSTRIAL WKS LTD. OF M/S IDC, SAMBALPUR"
SWKT,BELBAID COLLIERY SIDING TAPASI
BTMT,"BANDEL THERMAL POWER STATIONS, TRIBENI"
POCP,PURUSHOTTAMPUR OCP
SCU,PURE SITALPUR COLLY SIDING
CSN,CHALISGAON JN.
CED,COSSIPORE ROAD
FCIC,"FOOD CORP. OF INDIA, CHARLAPALLI"
TRTS,"TRIBENI TISSUE SDG FOR ITC LTD., TRIBENI"
ARI,ANTRI
LUSA,LUSA
NWR,NIWAR
PUU,PUNALUR
PFR,PACHORA ROAD
MUG,MAGRA
AWY,ALWAYE
CTR,CHATRA
PACS,"PARMANANDANDCO SDG, PAKAUR"
KSDK,KUSUNDA COLLIERY SIDING.
CCIK,M/S COTTON CORPN. OF INDIAN LTD. SIDING KLMI
HRF,HATHRAS QILAH
BXN,BAYANA JN.
YG,YADGIR
BPCG,"BHARAT PETROLEUM CORPORATION SDG, GONDA KACHAHRI"
DWWS,DUDHICHUA WHRFWALL SIDING
FCGD,"FCI SDG, GODHRA"
PRNC,PURNIA COURT
CCST,"CEMENT CORP. OF INDIA, TANDUR"
KPD,KATPADI JN.
KLD,KHALILABAD
KMME,KUMAR DUBI
GHTL,"GURU HARGOBIND THERMAL PLANT, LEHRA MOHABBAT"
IFFG,"INDIAN FARMERS FERT. CO-OP. LTD. BG SDG, GANDHIDHAM JN."
DJOS,OIL INDIA SIDING (P) (BG) DULIAJAN
SPSG,"STRUTTPIT COLLIERIES, SINGRENI COLLERIES"
BCQ,BARACHAK JN.
SGTY,SANKRAIL GOODS TERMINAL YARD
LTC,"LOW TEMP. CORBONISATION PLANT COLLIERY, MANCHIRYAL"
MQSG,"MSEB THERMAL POWER STATION SDG, ODHA"
SATP,"STEEL AUTHORITY OF INDIA LTD. SIDING, PANKI"
CFCS,"CHAMBAL FERTILIZERS AND CHEMICALS LTD, BHONRA"
BJI,BIJAULI
LHLL,LAHLI
MLDT,MALDATOWN
RSDG,RAJHARA SIDING (DALLIRAJHARA)
BKEC,INWARD YARD 'E' CABIN OF M/S BSL
MCTP,MANGALORE COAL TERMINAL PVT LIMITED SIDING
BMKI,BAPUDHAM MOTIHARI
KLPG,KAMALPURGRAM
MICB,IOC LTD. S/B BUDGE BUDGE
KGBP,KHONGSANG
MROS,M/S RANI AND OTHERS
NELK,NAYARA ENERGY LTD GATI SHAKTI MULTI MODAL CARGO TERMINAL/KAI
AAGJ,GCT OF ADANI AGRI LOGISTICS (DARBHANGA) LIMITED
SNPU,SONEPUR
NLGS,M/S NAGPUR MMLP GATI SHAKTI MULTI MODAL CARGO TERMINAL
PDCH,PUBLIC SIDING AT HALDIA DEMU COACH FACTORY
TKGD,GCT M/S THDC INDIA LTD KSTPP SIDING SERVED BY DANWAR (DAR)
PGSG,"M/S PAWSUN INDUSTRIES PRIVATE LTD, GCT SERVED BY GONDWALI"
SLCC,SECL CHHAL MINES
KHS,KHARSIA
DHI,DHULE (DHULIA)
BHAE,BHADRESHWAR GHAT
HVD,HALVAD
BMF,BASMAT
JNH,JANGHAI JN.
VRH,VIRBHADRA
SMET,SHIVAMOGGA TOWN
GRBL,GARUDABILI
ULU,ULUNDURPET
DEC,DELHI CANTT
HIR,HARINAGAR
BDIH,BANDHDIH
BABR,BALANAGAR
MBV,MIRZAPUR BACHHAUD
DURE,DUMRAON
AMG,ALAMNAGAR
KNDI,KANDRORI
CAR,CHUNAR JN.
ANR,ANARA JN.
BRKA,BARKA KANA JN.
ICG,ICHCHANGADU
GAYA,GAYA JN.
NVU,NAVALUR
BGMU,BANGARMAU
PNGM,PANCHGRAM
MAUR,MAUR
RTK,RAMTEK
DHD,DAHOD
DD,DAUND JN.
MWUE,MAHRAWAL
GRM,GARHMAU
TQA,TAKIA
CAG,CHHABRA GUGOR
SGV,SARGACHHI
SAC,SANICHARA
NJP,NEW JALPAI GURI JN.
DPS,DANGOAPOSI
SNMY,SINDRI MARSHALLING YARD HALT
TPY,TADAKAL PUDI
BLP,BALRAMPUR
KUG,KUSUGAL
CTND,CHETTINAD
MAH,MADHOGANJ
BOE,BARSOI JN.
KHM,KUSMHI
NIR,NAINPUR JN.
JUI,KANPUR JUHI GOODS
SAG,SANGRUR
MDKI,MADUKARAI
MDW,MARWAR MUNDWA
BHGJ,BIHARIGANJ
DPJ,DHARMAPURI
KLG,KALUNGA
LXA,LAKWA
MEC,MERTA CITY
ROP,RUPSA JN.
RRU,RAYARU
TNPR,TEJNARAYANPUR
BKLE,BAKUDI
SURI,SIURI
DMO,DAMOH
DHO,DHAULPUR JN.
HMT,HIMMAT NAGAR
ORAI,ORAI
NGN,NANDGAON
KGW,KARIGANURU
PWL,PALWAL
GSP,GURDASPUR
JUC,JALANDHAR CITY JN.
DLD,DALAUDA
SY,SIRKAZHI
SFCK,"SILO-FCI SIDING (PVT), KATIHAR"
KJZ,KARONJI
SBWT,M/S SAI BALAJI WAREHOUSING AND LOGISTICS PRIVATE LIMITED
GPLC,PRIVATE SIDING OF M/S GOPALPUR PORTS LIMITED
JAKA,JUNAKHERA
KIKP,KARAIKAL PORT PVT. LTD. SIDING
BPMG,BHARAT PETROLEUM CORPORATION LIMITED
BPCM,BHARAT PETRILEUM CORP. LTD. SIDING MUGHALSARAI
GCWP,GIDDI COAL WASHERY SIDING
MTY,MULTAI
ABSA,AMBASSA
AONI,AMONI
IOK,"IOC SDG, KHURDA ROAD"
NFPG,NFST SERVED BY SRVA
CRTK,TURBHE CONTAINER DEPOT
BAKA,BANKA
PMBR,M/S BMM SDNG SERVED BY RANJITHPURA
PLCJ,PHALODI
ACCG,ACC TIKARIA CEMENT WORKS SDG GAURI GANJ
GCWS,"GAGAL CEMENT WORKS, KIRATPURSAHIB"
VIS,"VISVESH WARAYA IRON AND STEEL CO. LTD. SDG, BHADRAVATI"
ICPH,INLAND CONTAINER DEPOT PHILLAUR
ICDP,INLAND CONTAINER DEPOT AT DHAPPAR
BKI,BANDIKUI JN.
NBSK,"NEW BALCO SIDING, KORBA"
TCS,"TATA IRON AND STEEL CO. SDG, CHANNASANDRA"
RTPM,APSEB (RAYALASEEMA THERMAL PWR PLT SDG FOR APGENCO)MUDDANURU
IGCS,INLAND CONTAINER DEPOT AT CHENNAI IRUGUR
CBFB,"FOOD CORPORATION OF INDIA GRAIN GODOWN SDG, COIMBATORE JN."
PSFI,"FCI SDG, GAYA"
LOCM,"LOCM - III SDG, BELPAHAR"
SCMM,SAONER COAL MINES(BG) SDG
DUGD,DUGDA COAL WASHERY
IRPN,I R SDG (P) NNGE
PSHI,"HPC AND IOC SDG, IRUGUR POL SDG BY IGU"
GES,"GUJRAT ELECTRICITY BOARD, SIKA"
BCSB,BURHAR COLLIERY
BCRB,"BIJURI COLLIERY SDG, BIJURI"
DSLP,DESHALPAR
DCSD,"M/S DUMAN HILL COLLIERY, DARRITOLA"
PMRG,RAJIV GANDHI THERMAL POWER PLANT
IOSD,IOC SIDING/DIMAPUR(P)(BG)
PRIL,"RELIANCE INDUSTRIES LIMITED, LALPUR"
EMIJ,PVT SIDING OF M/S ODISHA MINING CORPORATION LIMITED (OMCL)
PLMC,M/S CHETTINAD CEMENT CORPORATION PVT.LTD. SIDING SRV BY PALM
SISB,"SUNFLAG IRON AND STEEL LTD, BRD"
FSTP,FARAKKA SUPER NATIONAL THERMAL POWER PROJECT
KKGM,KAKRI GUMA
MICT,THE INDIA CEMENTS LIMITED
PMSB,M/S JSW STEEL LIMITED
RJKN,R AND UBM SIDING OF M/S JINDAL STEEL AND POWER LTD
GGR,GANGRAR
KTIG,"TISCO SIDING, KALAMBOLI EXCHANGE YARD"
BFTL,BOILER FACTORY of M/S TEXMACO LTD. BLH
DNCS,DHORI /N S D COLLIERY SIDING PHUSRO
SOBK,OLD BUNKER SIDIND OF M/S SAIL
GTPS,RSEB BG SDG
AKTS,"AMAR KANTAK THERMAL POWER STN., AMLAI"
GVSG,"FOOD CORP. OF INDIA,TIMMANACHERLA"
NROB,"NEW RAJNAGAR OCM COLLIERY SDG, BIJURI"
JSLK,JINDAL STEEL AND POWER LTD.KIRODIMAL NAGAR
SCOB,"SCOB SDG, BARACHAK"
BOCM,BELPAHAR OPEN CAST MINES I AND II
KSDJ,KONDEY SIDING
MAVB,PRIVATE SIDING OF M/S VEDANTA LIMITED
HFS,M/S JVL INFRA HEIGHTS PVT.LTD./VYAS NAGAR
AGS,ALWAR GOODS SHED
SSTP,"SINGRAULI SUPER THERMAL STN. SDG, SHAKTINAGAR"
NGCM,"MILITRY SIDING, NEW GAUHATI"
MTPS,MEJIA THERMAL POWER STATION
AAGM,"M/S ACC LIMITED, AMETHA GCT SERVED BY MEHGAON"
NCLW,GATI SHAKTI MULTI-MODAL CARGO TRML OF M/S NAVKAR CORP. LTD
VGLJ,VIRANGANA LAKSHMIBAI JHANSI
SBDR,SONBHADRA
MLMD,MAHADEIYA LINE NO.4
FCKS,"FERTILIZER AND CHEMICAL TRAVANCORE SDG, KALAMASSERI"
DU,DHRUB
ARVY,ARV CEMENT SOCIETY AND ACC LTD
JSJB,M/s JSW CEMENT LTD
BLCC,"BUKRU, LINE NO. 1 CCL SIDING"
NTSJ,M/S NAVKAR CORPORATION LTD AT TUMB
AIPO,ENNORE COAL TERMINAL PRIVATE LIMITED SIDING
MIGK,IG Super Thermal Power
MDCS,M/S.DALMIA CEMENTS (BHARAT) LIMITED
MJOG,JUBILANT INGREVIA LIMITED
VSHI,VAISHALI
HKG,HIRAKUD
HPTR,M/S HINDUSTAN PETROLEUM CORPORATION LTD  SIDING
AOMM,M/S AARYA OCEAN LOGISTICS PARK PVT.LTD.SRVD BY MALIYA MIYANA
AAGH,ANTAGARH
SSGS,SAKRIGALI SAWAI GOODS LINE
PJCR,M/S J K CEMENT LTD/RPD
BOMB,BELPAHAR OPEN CAST MINES NO.6
BRRB,BARGAWAN RLY COAL SIDING
UTCR,M/S ULTRA TECH CEMENT LTD UT-BALAJI CEMT WORKS SRV BY RRPM
UTCB,M/S ULTRATECH CEMENT LTD (UNIT: BAIKUNTH CEMENT WORKS)
HPCV,PVT. SIDING FOR M/S HINDUSTAN PETROLEUM CORPN LTD. VZP
GSG,"GHUGUS COLLIERY SDG, GHUGUS"
MBPJ,M/S M B POWER (MADHYA PRADESH) LIMITED
GFPA,M/S.PUNJAB LOGISTICS INFRASTRUCTURE LTD.
ACPC,M/S ARJAS STEEL PRIVATE LTD SDG SERVED BY CLPE RLY STN GTL
PECP,M/S NU VISTA LIMITED
IOGM,IOCL (PVT/BG) SIDING GUMTO
PNMP,M/S. ADANI POWER LTD.
TTPD,TENUGHAT THERMAL POWER STATION SIDING
SLVK,SRI LAKSHMI VENKATESHWARA WAREHOUSING AND PFT PRIVATE LTD
AVC,AMARAVATHI COLONY
KDSK,M/S KUSUNDA SIDING
PNKA,M/S NARESH KUMAR AND CO. PVT LTD(SERVED BY AMTA STATION)
AGSA,AJNI GOODS SHED SERVED BY AJNI
YTPY,M/S YERMARAS THERMAL POWER STATION
NMAG,PRIVATE SIDING OF M/S NMDC STEEL LTD AMAGURA
PMEC,M/S GMR WARORA ENERGY LTD.
RASP,RASIPURAM
JSWD,M/S JSW STEEL LTD.
SSPL,M/S SHYAM SEL AND POWER LTD.
KDAG,KYATSANDRA GOODS
DPSB,NEW BHADAN
SPXS,SPUR X PUBLIC SIDING
CSCL,M/S CALCUTTA STEEL CO.LTD.SDG. SERVED BY SODEPUR
AIPC,INDIA CEMENTS LTD SIDING
SCPT,SIRKA COLLIERY SIDING PATRATU
MDIT,M/S DHARIWAL INFRASTRUTRE LTD SIDING
OCIM,M/S ORIENT CEMENT LIMITED SERVED BY MANDAMARRI
MFPB,PRIVATE SIDING OF M/S FERRO ALLOYS CORPORATION LTD
CHY,M/S COCHIN YARD
JRGJ,M/S JAIRAMNAGAR PUBLIC SIDING
AAFN,M/S.AKHILESHA AGRO FARMS PRIVATE LIMITED.
IISD,M/S. SAIL (IISCO)
UDPR,UDAIPURA
RPLW,M/S RATANINDIA POWER LTD
UNCB,M/S ULTRA TECH NATHDWARA CEMENT LTD
PJSB,M/S JINDAL STEEL AND POWER LTD. LINE NO. 7 AT BXF
MTMP,MATTAMPALLE
DSLD,DCM SHRIRAM LIMITED SIDING SERVED BY DADHDEVI
JNRD,JUNAGARH ROAD
MBWK,MODHUBAN WASHERY
CPIB,CONCOR PVT. SDG OF M/S CONCOR
GADH,GOALDIH
SGRM,SINGARAM
MKPP,M/S KANPUR LOGISTICS PARK PRIVATE LIMITED
PCMB,PANYAM CEMENTS AND MINERAL INDUSTRIES LTD SIDING
PADH,PIPRADIH.
DPRT,"DUTTAPAHAR SIDING, RAMTEK"
BBSB,"BIJURI BALLAST SIDING, BIJURI"
CGPT,M/S CONCOR GREEN FIELD PFT
LPGU,M/S LALITPUR POWER GENERATION COMPANY LTD
GGGS,GARHA GOODS SHED
CCIB,"CEMENT CORPORATION OF INDIA (PVT/BG)SIDING, BOKAJAN"
GGDA,GHARGHODA
GGVT,GANGAVATHI
PPSM,"PARADEEP PORT MANUAL IRON ORE UNLOADING SDG,PPT"
GISL,"GENERAL INDUSTRIES SOCIETIES LTD., BHADRESHWAR GHAT"
DPCB,M/S DHAMRA PORT COMPANY LIMITED SIDING
MNKT,MGR UNLOADING POINT OF NTPC/KANIHA
STCM,SINGARENI THERMAL POWER PLANT OF M/S.SCCL LTD
JSCP,M/S JSW CEMENT LIMITED
TMA,TAMURIA
MWH,MALWAN
BRMO,BERMO
BDM,BADAMI
SDMG,"SANDUR MANGANESE AND IRON ORE LTD., YESHWANT NAGAR"
KMK,KOMAKHAN
JNL,JANDIALA
PEH,PATHARDIH JN.
JNR,JANAKPUR ROAD
GDBR,GOONDA (BIHAR)
HPCT,HPCL SIDING THOKUR
LKO,LUCKNOW JN.
SMQL,SHAMLI
NLP,NORTH LAKHIMPUR
OTP,OTTAPPALAM
SLRP,SALARPUR
JWB,JAWAI BANDH
KPG,KOPARGAON
MBNR,MAHBUBNAGAR
MTPH,"THERMAL POWER HOUSE (OLD AND NEW), PANKI"
KHJ,KHAJRAHA
BWR,BARWA SAGAR
AGX,AGASTIYAMPALLI
SRE,SAHARANPUR JN.
NGFS,"NAGARJUNA FERTILIZERS, KAKINADA PORT AND CHEMICALS LTD.,"
MADA,MAONDA
TADA,TADA
KRSA,KHARSALIYA
SNF,SANAT NAGAR
WJ,WALAJABAD
KDS,KUSUNDA
DKT,DHULKOT
GZM,GOUR MALDA
SDLK,SUNDLAK
KBSN,KASBE SUKENE
UCA,UCHANA
KRIR,KHARI ROHAR ROAD
ET,ITARSI JN.
BME,BARMER
CDGR,CHANDRA KONA ROAD
MDPA,MANDPIYA
VNUP,VISHNUPURAM
TOK,THOKUR
SAI,SARAI
SFDE,SAFIDON
DGCW,"DURGAPUR CEMENT WORKS, ANDAL JN."
CBK,CHACHAURA BINAGANJ
NDV,NIDVANDA
BJMD,BARA JAMDA JN.
TIST,"TATA IRON AND STEEL, TUGHLAKABAD"
PRSL,PANDRASALI
HDL,HODAL
KPN,KUPPAM
BVCJ,BHAVNAGAR CONCRETE JETTY
SBM,SONBARSA KACHERI
NKM,NAMKOM
NBH,NIMBAHERA
AMH,AZAM GARH
BGVN,BHIGVAN
BSPR,BISHRAMPUR
BGTA,BAGRA TAWA
BLG,BILHAR GHAT
SQB,SINGHABAD
TU,TADIPATRI
UD,UDIPI
SDL,SAHDOL
BLN,BALLYGUNGE JN.
ROZA,ROZA JN.
JWP,JAWALAPUR
CBJ,CLUTTER BUCKGANJ
TUR,TURKI
NTV,NAUTANWA
BFPA,BHOPATPUR
TAP,TAPANG
VZP,VISHAKHAPATNAM-PORT
MKC,MAKSI JN.
NRO,NAKODAR JN.
MUW,MATHURA PUR HALT
KKQ,KALAI KUNDA
MLN,MAILANI JN.
SAN,SANDILA
BUW,BURHWAL JN.
DYD,DARYABAD
KNHN,KANHAN JN.
BKT,BAKSHI KA TALAB
CJA,CHONGAJAN
KPXR,KAIPADAR ROAD
RNY,RANGIYA JN.
KPL,KANTAKAPALLI
SBB,SAHIBABAD JN.
BJU,BARAUNI JN.
TIT,TALIT
MNDH,MANDIR HASAUD
FKM,FAKIRAGRAM JN.
BORA,BAGHDOGRA
FDB,FARIDABAD
MBS,MADHOSINGH
MXO,MORTHALA
NOQ,NEW ALIPURDUAR
SCE,SENCHOA
PRNA,PURNIA JN.
MJY,MARAMJHIRI
MBA,MAHOBA
DWR,DHARWAD
HGJ,HARDUAGANJ
FGCN,FATEHGARH CHURIAN
DRGM,DEORAGRAM
BKH,BANKHEDI
NMT,NAMTIALI
KUE,KURSELA
ABR,ABU ROAD
MMR,MANMAD JN.
PHR,PHILLAUR JN.
MVN,MILAVITTAN
SLNA,SALAUNA
BRMP,BIRMITRAPUR
PCCS,PATHERDIH COAL WASHERY PATHERDIH
GPD,GUMMIDI PUNDI
BAT,BATALA JN.
TEN,TIRUNELVELI JN.
BIY,BARDOLI
NANR,NARANPUR
MRKI,M/S RITA STEELINDUSTRIES PVT LTD/KNHN
MJBM,MS JAI BALAJI INDUSTRIES
ABKP,AMBIKAPUR
SIOB,SAMAKHIALI JN. (BG)
RMN,RAMAN
ASV,ASARVA JN.
DRD,DAHANU ROAD
BECK,B.E.A COLLY SDG.
JNCN,J.K. NAGAR COLLY SDG.
PSCE,PARASCOLE EAST COLLY SIDING
JRPD,JARAPADA
BVN,BISWAN
KSJ,KASGANJ JN.
BTPB,"BOKARO THERMAL POWER SDG, BERMO"
FFSG,"FILLING FACTORY SIDING, BHANDAK"
J,JALNA
LGT,LANGTING
GNA,GONEANA
DSGR,DIPIKA SIDING OF SECL SRV GAD
GTL,GUNTAKAL JN.
AKT,AKALTARA
DRLA,DAURALA
PKR,PAKAUR
DNK,DHANAKYA
HSLH,"M/S HINDUSTAN STEEL LTD., DADHAPARA"
SNFC,"ASSOCIATED CEMENT COMPANY SDG SINDHRI, PRADHANKHUNTA JN."
SBKT,SENDRA BANSJORA COLLIERY SIDING
ELRA,M/S ADANI AGRI LOGISTICS LTD. SRV ELR
BWWL,BINA WHRFWALL SIDING
DRTA,DRONAGIRI RAIL TERMINAL
DCSA,"SHREE DIGVIJAY CEMENT CO. LTD SDG, MG SIKA"
FCGM,"FOOD CORPORATION OF INDIA SDG, GANDHI DHAM"
KOTA,KOTA JN.
ICSI,"INDIA CEMENT LTD SDG, ICHCHANGADU"
KUPR,KHURDPUR
ONGC,"OIL AND NATURAL GAS COMMISSION SDG, KOSAD"
NMGS,NUMALIGARH REFINERY PROJECT SIDING (P) (BG)
SFCG,"FOOD CORPORATION OF INDIA, SEVUR"
SMR,SAMDARI JN.
ICCG,"INDIAN COPPER COMPLEX, GHATSILA"
HZL,"HINDUSTAN ZINC SDG, CHANDERIYA"
NMFS,BHARAMPUTRA VALLEY FERTILIZER CORPN (P) (BG)
HRS,HATHRAS JN.
UMSG,"UMRED COLLIERY SIDING, BUTI BORI"
KLMR,KALAMASSERI
ASGN,AARTI STEELS LTD SDG
FCAP,"FCI SIDING (PVT/BG), ARCHIPATHAR"
RFCR,M/S RAMAGUNDAM FERTILIZERS AND CHEMICALS LIMITED
ICY,INDIAN CUSTOM YARD
NMVP,NEW MAHAGENCO
BPAL,M/S BPCL PRIVATE SIDING
VCHT,VOC PORT-HARE ISLAND COAL TERMINAL PVT SIDING
NUGP,NORTH URIMARI GCT OF CCL
AAGK,ADANI AGRI LOGISTICS(SAMASTIPUR) LTD - GCT
AAGN,M/S ADANI AGRI LOGISTICS(PANIPAT) LTD
SCGR,M/S SHREE CEMENT EAST PRIVATE LTD GCT SERVED BY RAMKANALI
CGMD,GCT MULTI-MODAL CARGO TERMINAL OF M/S CONCOR FROM DAHEJ
JSM,JAISALMER
DLO,DALGAON
NDJ,NANDGANJ
TPU,TANAKPUR
AJU,ARJUNI
VAA,BHAGA
VDS,VIDYASAGAR
BAKT,BARHARA KOTHI
SLH,SILIARI
MXH,MAKHU
BZM,BHIMSEN JN.
CBZ,CHURAI BARI
PQN,PARIAWAN K.K.ROAD
TPH,TINPAHAR JN.
MTH,MATAUNDH
MEU,MENDU HALT
TRK,TIRUKKOVILUR
NGT,NAGAPPATTINAM JN.
BET,BARETH
HX,CUDDAPAH
MLY,MAULA ALI
YTG,YESHWANT NAGAR
RMD,RAMANATHAPURAM
TDD,TADEPALLI GUDEM
CH,CHANDAUSI JN.
BLKR,BALLEKERE HALT
DQG,DHUPGURI
UGR,UGAR KHURD
RPJ,RAJPURA JN.
NCJ,NAGARCOIL JN.
RNO,RANOLI
GTP,GHATPURI
RNR,RANIBENNUR
SBG,SAHIBGANJ
PVR,PANDHARPUR
PRR,PURULIA JN.
RGPM,RAGHAVAPURAM
GUMI,GORUMAHI SANI
RNC,RANCHI JN.
MZC,MIRZA-CHEUKI
BEJ,BENIGANJ
TRS,TARSARAI
BNF,BANDHUA
BVL,BIKKAVOLU
JTW,JAITWAR
MBL,MANUBOLU
KCC,KRISHANA CANAL JN.
DLK,DAL KOLHA
NMJ,NIDAMANGALAM JN.
HUBG,"HINDUSTAN URVARAK AND RASAYAN LTD, GCT (HURL)"
FCSM,"FCI LTD SDG, SAWAI MADHOPUR JN."
FCMI,FCI SIDING MOKAMA
FCON,CONTAINER SIDING FATUHA
SFW,SARANGPUR
NLCP,NEW LAKIDIH OPEN CAST PROJ SDNG
ACTR,ANAANTA COLLIERY SDG
DKLU,DOIKALU
DBRG,DIBRUGARH
NYP,NAYUDU PETTA
PPSP,PIPAVAV PORT SDG.
IOBP,"INDIAN OIL CORPORATION BOTTLING PLANT, GHEVRA"
SFHX,"SHADOW FACTORY SIDING, HARDUA GANJ"
GOCB,"HIGH PRESSURE BOILER PLANT SDG, PONMALAI (GOLDEN ROCK)"
HPCD,"BHARAT PETROLEUM CORPN. LTD., DESUR"
BKTB,BINDUKURI
PNTP,"PRIVATE SDNG M/S NATIONAL THERMAL POWER CORPRN. LTD, KORBA"
KMPD,KARAMPADA
NLOD,NALCO SDG AT DAMANJODI
TPSK,"M/S BHARAT ALLUNINIUM CO. LTD, KORBA"
HLSR,HINDUSTAN STEEL LTD.
CFS,"FOOD CORP. OF INDIA, SANAT NAGAR"
RWGR,RAJRAPPA WASHERY SDG
HGSM,"HINDUSTAN GRANITE STONE, HINDUSTAN INDUSTRY MINING PAKAUR"
OPSG,"ORIENT PAPER MILLS, AMLAI"
MRLB,M/S AMBUJA CEMENT BHATA PARA LTD
BSPC,M/S SAIL BHILAI STEEL PLANT BIA
BGSN,"BUFFER STORRAGE GODOWN SDG (BG), NARAYANPUR ANANT"
DDNI,DUDHNOI
DET,DET
NMVK,"NMDC MALLINGER VALLEY SDG, KIRANDUL"
PGSA,M/S STEEL EXCHANGE INDIA LTD.
VPMS,VISAKHAPATNAM PORT MANUAL IRON ORE UNLOADING SIDING
CWCB,"CENTRAL WARE HOUSING CORPORATION , BAMANHERI"
MGPV,M/S ADANI GANGAVARAM PORT PVT LTD
UMD,USMANABAD
MJAC,M/S JAI PRAKASH ASSOCIATES LTD.CEMENT SIDING
VZPS,"STEEL AUTHORITY OF INDIA LTD SDG, VISHAKHAPATNAM PORT TRUST"
PNMN,"NEW MANGLORE PORT BG SIDING, PANAMBURU"
ALIK,ADANI LOGISTICS LTD-ICD
RCXG,"RAYATWARI COLLIERY SDG, CHANDRAPUR"
MHV,MAHUVA JN.
GBSS,"M/S SITA SAONGI, GOBERWAHI"
PFCI,"FOOD CORP. OF INDIA, NALGONDA"
GOSG,"GODAVARI KHANI NO 1 COLLIERY, RAMGUNDAM"
NGPM,NIDUGUNTAPALEM
PTK,PATHANKOT JN.
KLK,KALKA
BHD,BADLI
BHC,BHADRAK
WR,WARDHA JN.
PACT,M/S AMBUJA CEMENT EASTERN LTD.
ABBS,BURRAGARH SIDING - NO.1A
AKKK,KUSTORE-7A SIDING BHAGA
DAJ,DAROJI
JPCT,"J P CEMENT SIDING, TANDA"
NRSG,"NATIONAL RAYON CORPORATION SDG, KALYAN"
MKCW,KARTIKEY COAL WASHRIES PVT. LTD.
MAIL,ARYAN ISPAT AND POWER PVT. LTD
ICM,THE RAMCO CEMENTS LTD SDG BY ICG
NMDJ,N.M.DUBASH SDG. JUKEHI
ANDI,ADARSH NAGAR DELHI
MWMS,MATRIX WAREHOUSING PVT. LTD.
PIDH,"POL SIDING, DHANBAD"
PCMC,Chhabara Thermal Power Station
FFSB,"FCI SDG, BUXAR"
BPCK,BHARAT PETROLEUM CORP. LTD. SIDING (BG) KATIHAR
PCSK,PCM CONCRETE SLEEPER SIDING (BG) NEW JALPAI GURI JN.
JMSY,"JAMALPUR WORK SHOP, JAMALPUR"
DKNG,"INDIAN OIL CORP. LTD. (LPG) SIDING, DEVAN GONTHI"
MLLT,ULTRA TECH CEMENT CO LTD SDG
ERNS,"COCHIN REFINERIES LPG SDG, IRUMPANAM"
GMO,NETAJI SUBHASH CHANDRA BOSE JUNCTION GOMOH
SCPM,NALCO SMELTER/CAPITIVE POWER PLANT SIDING
SLOG,SECL LOAD OUT SYSTEM (LAXMAN PROJECT OF SECL)
PSPC,PUNJAB STATE POWER CORPORATION LTD (PSPCL) SERVED BY PAKUR
DDIP,DEEP DRAUGHT IRON ORE AND COAL BERTHS OF M/S PPT
PNKD,PANKI DHAM
IODT,"IOCL, SIDING(PVT/BG), DHARMANAGAR"
PAHD,M/S ACB (INDIA) LIMITED SIDING
MOCL,M/S OCL INDIA LTD.
VIPN,M/S. VIMLA INFRASTRUCTURE(INDIA) PVT. LTD.
UBLS,HUBBALLI SHOPS
MMHM,M/S MY HOME INDUSTRIES PRIVATE LIMITED
ASWC,APSWC SIDING OWNED BY SRI NANDA KUMAR AND OTHERS
MBPC,BINA DESPATCH TERMINAL BPCL SIDING
LLCR,LALMATIA LOADING COMPLEX(RAJMAHAL AREA)
PMIP,"M/S INDIAN FARMERS FERTILIZER CO-OPERATIVE LTD., PARADEEP"
RPT,RANIPETTAI
PDAI,PRIVATE SIDING FOR DFCCIL AT NEW AHRAURA ROAD
ZARP,ZARAP
SGSR,M/S SADGURU IRRIGATION SYSTEMS LTD
LAE,LAKHOLI
DBTK,DRY BULK TERMINAL-TEKRA
TSLJ,M/S PRIVATE SIDING OF M/S TATA STEEL LIMITED
RDML,RAJDHAR SIDING
IPCP,M/s IOCL PET COKE SIDING
FIK,"FOOD CORPORATION OF INDIA SDG, GONDA KACHAHRI"
DBPR,PVT SDG OF M/S DB POWER LIMITED/ROB
JCZ,JINGURDAHA
MUSG,"ORDINANCE DEPOT SDG, MATHURA JN."
TPHS,"GEB THERMAL POWER HOUSE SDG, UKAI SON GADH"
BES,BES
KUJU,KUJU
PMBG,M/S PHIL MINERALS BENEFICATION AND ENERGY PVT.LTD.
RDBP,RADHIKAPUR BORDER POINT
PNRR,NEW RAMVA
DDU,PT. DEEN DAYAL UPADHYAYA JUNCTION
NHSB,NEW IN-PLANT SIDING OF M/S HINDUSTAN STEEL LTD
HPKB,M/S HINDUSTAN PETROLEUM CORPORATION LTD
PCCT,M/S CHETTINAD CEMENT CORPORATION PRIVATE LIMITED
JRGR,PVT SDNG OF JUNADIH RPID LOADING SYSTEM OF SECL
PSAD,ADRA PUBLIC SIDING
BBMT,M/S BALARAM SIDING OF M/S MCL
SBGG,SAHIBGANJ PUBLIC SIDING
MOMN,PVT.SDG.OF M/S ORISSA METALIKS PVT LTD (AT NIMPURA-GOKULPUR)
MTRN,M/S TISCOS ROPEWAY SIDING
BGBG,BUDGE BUDGE GOODS
MMEC,"/S, MINERAL ENTERPRISES LTD."
CHPG,CHHAPRA GRAMIN
MGMT,ADANI POWER LTD
MCSC,MAHARAJA CHHATRASAL STATION CHHATARPUR
CNCP,CONCOR'S PORT SIDE CONTAINER TERMINAL AT PARADEEP PORT
SFMU,SUNAM UDHAM SINGH WALA
PICP,PFT OF M/S PARADIP INTERNATIONAL CARGO TERMINAL PVT. LTD.
KPRK,KANDLA PORT DOCK RAIL TERMINAL
UCLT,ULTRA TECH CEMENT LTD. TURKI
UTCH,M/S ULTRA TECH CEMENT LTD
NMKL,NAMAKKAL
BSPB,BARH SUPER THERMAL POWER PROJECT
JRCT,JAYPEE REWA CEMENT PLANT SIDING
TPST,TORI PUBLIC SIDING
HBTI,M/S HINDUSTAN PETROLEUM CORPORATION LTD
PUCS,M/s.TAMILNADU POWER COMPANY LTD SIDING
MUNU,M/S MEJA URJA NIGAM (P) LIMITED
PAPK,M/S AMALGAM STEEL AND POWER LTD
VIPS,M/S VIDARBHA INDUSTRIES POWER LTD
MDCJ,M/S.DECCAN CEMENTS LTD
BSDC,BIRDS SOUNDA-D COLLIERY SIDING PATRATU
MKMA,KSK MPC LTD AND RCRIP LTD
TKMG,TIKAMGARH
IWPS,"INLAND WATERWAYS AUTHORITY OF INDIA, PORT SIDING, PANDU"
IOTS,INDIAN OIL CORPORATION TANK WAGON SIDING SERVED BY SALAWAS
JBGD,JABBALGUDDA
JMDT,"TISCO JODA EAST BIN, BANSPANI"
PVIT,M/S VIMALA INFRASTRUCTURE INDIA PVT. LTD
SBTG,SABARMATI GENERAL STORES SIDING.
MJPJ,M/S JHAJJAR POWER LTD SDG SERVED BY JHARLI
NBPM,NEW BHAUPUR
PRGR,PINARGARIA
LRST,LINGARAJ SPUR SIDING NO.3 OF MCL
PHNJ,M/S PRISTINE HINDUSTAN INFRAPROJECTS PVT LTD
BSIM,BIHAR SPONGE IRON LTD
PRNR,PORJANPUR
JBCT,M/s NUVOCO VISTAS CORPORATION LTD
ISCG,BUNKER SIDING AT GUA FOR M/S. INDIAN IRON STEEL CO. LTD.
RPCK,M/S RELIANCE PETROLEUM SIDING
JRGD,JARANGDIH LINE NO. II
KDSN,"K. D. HESLONG SIDING, LINE NO. II"
JPST,"JAMRAPANI SIDING, TIRODI"
PGCG,"PRVT SDG OF M/S. GUJARAT STATE ELECT CORP.LTD, GEVRA ROAD"
GPSD,GRAVEL PUBLIC SIDING
GUDM,GUDUM
IAGR,ICD SIDING ASAOTI
BEHI,BENNEHALLI
GRFV,M/S GATEWAY RAIL FREIGHT LIMITED SERVED BY VIRAMGAM
PPTG,"PARADEEP PORT TIPPLER IRON ORE UNLOADING SDG,PPT"
SCES,"NHPC SIDING,SENCHOA,(P),(BG)"
IOHR,M/S IOCL/HPCL SIDING
KSNT,BROWN FILED PFT OF M/S KHALARI CEMENTS LIMITED
PGTS,"FOOD CORPORATION OF INDIA SDG, PALGHAT JN."
PUHT,PUSHKAR TERMINUS
PGBB,M/S. GLOBAL COAL AND MINING PVT. LTD.
MJCG,M/S J.K. CEMENT WORKS LTD. SDG.
RCGJ,M/S THE RAMCO CEMENTS LIMITED
PNSS,NEW SUJATPUR BY DFCCIL
RNGS,RAJUR NEW GOODS SHED SERVED BY RAJUR
PQLB,PUBLIC QUARRY SIDING BAKUDI LINE NO-1
BQTG,BAKHTARNAGAR LINK GOODS LINE
FCBG,"FOOD CORPORATION OF INDIA, NUZVID"
UCR,UNCHAHAR JN.
WH,WEST HILL
ZCS,"ZUARI AGRO CHEMICAL LTD , SANKAVAL"
GDSG,"FOOD CORPORATION OF INDIA SDG, MANMAD"
FBSG,"FCI (BUFFAR STORAGE GODOWN) SDG, SEVAGRAM"
CESG,"ASSOCIATE CEMENT CO. SIDING, GHUGUS"
SAS,SHEODASPURA-PADAMPURA
DPP,DHIRPUR
DJX,DUNGRIPALI
BW,BIWAI
NDD,NIDADAVOLU JN.
JAJ,JHAJHA
MRJ,MIRAJ JN.
SL,SURATHKAL
RGDA,RAYAGADA JN.
TBB,TILBHITA
CPR,CHHAPRA JN.
BXR,BUXAR
MVLK,MAVELIKARA
BNDA,BANDA JN.
SNT,SAINTHIA JN.
BSC,BULANDSHAHR
HPO,HASANPUR ROAD
KMD,KODUMUDI
HGI,HAGARI
MZCY,"ZUARI CEMENTS (FORMERLY TEXMACO), YERRA GUNTLA"
GOTN,GOTAN
RK,ROORKEE
SNAG,SANATHNAGAR NEW GOODS COMPLEX
UA,UPLETA
MJ,MARWAR JN.
CNPR,CHAINPUR
MYG,MIYAGAM KARJAN JN.
KLI,KAULI
JND,JUNAGADH JN.
JKPR,JAKHAPURA JN.
SMLI,SWAMIHALLI
BT,BARASAT JN.
AAK,ANKAIKILA
GANL,GHANAULI
JTJ,JOLARPETTAI JN.
HWHG,HOWRAH GOODS
LHA,LEHRA GAGA
DNKL,DHENKANAL
PMKT,PIMPALKHUTI
BWM,BHAWANI MANDI
SFG,SUBEDARGANJ
GLMA,GULMA
WDSG,"ASSOCIATE CEMENT CO. LTD. SDG,"
HSLT,"HINDUSTAN STEEL LTD, TUGHLAKABAD"
PACL,PRIMO CHEMICALS LTD
BYL,BELHA
MXN,MARIANI JN.
CWHC,CENTRAL WAREHOUSE SIDING
SEB,SON NAGAR JN.
SUBR,SUBHAGPUR
TNR,TANGUTURU
TATA,TATA NAGAR JN.
GDCR,GADCHANDUR
AKP,ANAKAPALLE
APR,ANUPPUR JN.
MRA,MORENA
NNA,NAUGACHIA
BWC,BANWALI
JL,JALGAON JN.
DLJ,DHOLA JN.
HTW,HATHUA
HTE,HATIA
SRJ,SHANKARGARH
PIC,PARICHA
AKV,ANKLESHWAR JN.
JGD,JAGADISPUR
KDO,KADAKOLA
EE,ELURU
CGS,CHANG SARI
BPQ,BALHARSHAH
DOS,DEHRI-ON-SONE
NDT,NATHDWARA
BAP,BELAPUR
TUN,TOHANA
MNDR,MANDI DHANAURA
BNW,BHIWANI JN.
KJW,KHAJWANA
DGLE,DHULIANGANGA
NSI,NIKURSINI
BDJ,BADAGARA
TENI,TENI
BNA,BANNIKOPPA
KPU,KRISHNAPURAM
ALU,ARIYALUR
CHI,CHIPLUN
RU,RENIGUNTA JN.
SGAM,SARAIGRAM
RGL,RENGALI
JCL,JADCHARLA
PMN,PAMAN
INP,INDAPUR HALT
DJHR,DEOJHAR
MDDP,MANDI-DIP
KRAR,KHARIAR ROAD
NGTN,NAGOTHANE
GLG,GULABGANJ
PRV,PUKKIRAVARI
ANAH,AUNTA HALT
GVG,MANDI GOVIND GARH
GOH,GAROT
CKR,CHIKODI ROAD
CHIB,CHIRAI
IFFP,"IFFCO SIDING, PHULPUR"
DVL,DEVLALI
BGZ,BAHADURGARH
BPZ,BAZPUR
NPM,NELLIKUPPAM
KLMG,KALAMBOLI GOODS
TDMS,TUGLAKABAD MINERAL GOODS SDG
PNHR,PANIHAR
UCLG,M/S ULTRA TECH.CEMENT LTD
DPH,DADHAPARA
GRD,GIRDIH
CCSS,CHELODE A COLLY SDG.
ICML,INTEGRATED COAL MINES LTD. SDG.
BCDL,BANKOLA NO.1 SIDING
JLLO,JHILO
KLYT,KOLAYAT
MET,MALERKOTLA
POU,PADRAUNA
MANE,MANESWAR
KLRE,KHALARI
SCMS,TRIMULGHERRY MILITARY SDG. SECUNDERABAD
LNL,LONAVLA
RUI,RUKNI JN.
CNGP,"M/S CESC LTD., TITAGARH"
KOJ,KOKRAJHAR
BSDA,BANIYA SANDA DHORA
JRCS,"JAYPEE REWA CEMENT SDG, TURKI ROAD"
KSLK,KAKINADA SEA PORT LTD.
IOSR,INDIAN OIL CORP. LTD. SIDING REXAUL (BG)
KEQ,KACHHPURA
TUG,THALANGAI
BGKT,BHAGAT KI KOTHI
NEW,NIWARI
TKSS,"TECHNOLAX KALIKA STONE SUPPLYANDKING CO.SDG, PAKAUR"
HPSG,POL SIDING OF IOC LTD.
MIOJ,IOT INFRASTRUCTURE AND ENERGY SERVICES LTD
MIVB,M/S VIMLA INFRASTRUCTURE(INDIA) PVT. LTD. SIDING
UJA,UNJHA
YL,YEOLA
VL,VILAD
RNX,RANIPATRA
ATLP,TATA STEEL BSL LTD SIDING
NLY,NALIYA
PRL,POLUR
QLD,QUILANDI
TPZ,TAPRI JN.
KUA,KULHARIA
IFFB,"INDIAN FARMERS FERTILIZERS CO. LTD., KHODIYAR"
SLBN,SALAI BANWA
TWS,"TISCO WORKS SITE, TATANAGAR JN."
KUR,KHURDA ROAD JN.
RMR,RAMNAGAR
FN,FARAKHANAGAR
GD,GONDA JN.
STPB,"SURAT GARH THERMAL POWER HOUSE SIDING, BIRADHWAL"
IGFC,INDORAMA INDIA PRIVATE LIMITED
FCSN,"FOOD CORPORATION OF INDIA, NARWANA"
JEA,NAKAHA JUNGLE
PAY,PAYYANUR
SEY,SEONI
FCK,"FCI SDG, KALYANI"
AZA,AZARA
IOCG,"INDIAN OIL CORPORATION SIDING, BAD"
BPOL,"BHARAT PETROLEUM CORPORATION LTD, BAD"
FCDB,"FOOD CORPORATION OF INDIA SIDG, DELHI CATT (BG)"
NTPG,"NEW THERMAL POWER STATION SDG, CHANDRAPUR"
BHEG,"BHARAT HEAVY ELECTRICAL LTD. SIDING, KHAJRAHA"
ATU,ATTUR
RRI,RAHURI
NAS,NASRALA
PAN,PANA GARH
KNN,KHANNA
CCTC,M/S CHETTINAD CEMENT CORPORATION PRIVATE LIMITED
VIGB,M/S VIMLA INFRA(INDIA)PVT LTD GCT
KPKS,KALIPAHARI SIDING
PRJG,PARJANG
AFSN,ALMOHRI WHARFWALL NCL SIDING
NBGC,M/S NCML BATALA PVT LTD SERVED BY CHHINA (CHN)
JSSR,M/S JSW STEEL LTD
TTGR,M/S TELANGANA SUPER THERMAL POWER PROJECT PHASE-I
ADB,ADILABAD
CHM,CHALTHAN
ANND,ANAND JN.
SUNR,SURENDRANAGAR JN.
DNM,DHANMANDAL
DWX,DEWAS
BTKP,BHARATKUP
BYT,BHATAPARA
SVPI,SHIVPURI
DOZ,DAURAI
TDL,TUNDLA JN.
HRI,HARDOI
KBP,KUBERPUR
BSPX,BANSPANI
TK,TUMAKURU
KRT,KHURAHAT
PPD,PIPLOD JN.
DBNK,DERABABA NANAK
KUN,KARNAL
MTR,MOTIPUR
BWS,BADWASI
PPR,PIPAR ROAD JN.
DMC,DHEMAJI
MJP,MOHARAJPUR
KPB,KHARPOKHRA
FLK,FALAKATA
BTIC,BATHINDA CANTT
AFK,ANGAMALI (FOR KALADI)
UDGR,UDGIR
DHP,DICHPALLI
KRNT,KURNOOL CITY
PHY,PHARIHA
JOR,JALOR
BCU,BHUCHCHU
IDGJ,IRADAT GANJ
SEQ,SEKHA
SLRD,SURLA ROAD
ENB,ELLENABAD
MTA,MATHELA
NDKD,NADIKUDE JN.
SSPD,SADASHIVAPET ROAD
LD,LONDA JN.
SPC,SITAPUR CITY JN.
PKU,PANSKURA JN.
AULS,ANKUR UDYOG LIMITED (STEEL DIVISION) GCT SAHJANWA
BMCO,M/S BALAJI MOVERS AND SIDING PVT LTD OF GCTO
ALUH,ALAULI
MOMG,GATI SHAKTI MULTI-MODAL CARGO TML.OF M/S ORISSA METALIKS P.L
KCLS,KCL SIDING SONENAGAR
SSMN,SPUR SIDING
TSWS,"WANAKBORI THERMAL POWER STN, SEVALIYA"
HENS,"HEAVY ENGG COPRN., HATIA"
BINA,BINA JN.
PRTK,"RELIANCE RAIL TERMINAL,KANALUS"
ANDB,"AMMUNITION DEPOT, BHARATPUR"
BIDR,BIDAR
VASG,"GAS AUTHORITY OF INDIA SDG, VIJAYPUR"
VOSG,"HINDUSTAN PETROLEUM CORPORATION SIDING, TROMBAY"
NOL,NIYOL
FCKR,"FCI SDG , KHURDA ROAD"
DMSG,"DEVLALI MILITARY SIDING, DEVLALI"
JESG,"JABALPUR ARESENAL SIDING,JBP"
ICDY,INLAND CONTAINER DEPOT AT YAMUNA BRIDGE
DMGN,DHAMALGAON
CFVS,"COROMANDAL FERTILISER SDG, VISHAKHAPATNAM PORT"
KRMR,KARIM NAGAR
CHIC,PORT SIDE CONTAINER TERMINAL AT HOM
MEBK,"MPEB SIDING, KORBA"
MVNP,SOUTHERN PETRO CHEMICAL INDUSTRIES CORPN. SDG. MILAVITTAN
CSAS,"STEEL AUTHORITY OF INDIA SDG, CHANNASANDRA"
CNGT,GUNTUR JN. CONCOR SIDING
STA,SATNA JN.
CODX,"C.O.D SDG, KANPUR CENTRAL"
ICCB,"M/S INDIA COAL CENTRE SDG, BHADRESHWAR GHAT"
POSB,"POL SDG, BANTHRA"
HACG,HINDALCO INDUSTRIES LTD.
VCSG,M/S CEMENT DVSN UNIT OF KESORAM INDUSTRIES LTD
MCSP,PURE-JAMBAD COLLIERY SIDING SONACHARA
PCSS,NEW KENDA COLLIERY SIDING SONACHARA
HAN,HINDAUN CITY
BPSL,M/S BHUSHAN POWER AND STEEL LTD
MVIS,M/S VIMLA INFRASTRUCTURE (INDIA) PVT LTD
BJP,VIJAYAPURA
PBR,PORBANDAR
UCLJ,M/S ULTRA TECH.CEMENT LTD
PCML,PANEM COAL MINES LTD.SDG
NTKS,"NATIONAL THERMAL POWER CORPN. PVT. SDG., KAHAL GAON"
LOMC,"LAJKURA OPEN CAST MINES -II, BRAJRAJNAGAR"
BLDA,BELDA
KKPS,"DALMIAPURAM CEMENT SDG, KALLAKKUDI-PALANGANATHAM"
KMEZ,KUMHAR MARENGA
SEH,SEHORE
MSRJ,"MILATRY SIDING, RANGIYA"
JSWT,"M/S JSW STEEL LIMITED SIDING, TORNAGALLU"
CSID,MOHAN SIDING PALACHORI
POSG,"ORDINANCE DEPOT MILITARY SDG, PULGAON"
FBD,FARRUKHABAD
TRPB,M/S TRL KROSAKI REFRACTORIES LTD
ICB,IOC SIDING BAHAULI
NDL,NANDYAL
KCKT,"KATKONA COLLY SDG, KATORA"
PNDP,PANDILLAPALLI
NTSK,NEW TINSUKIA
KPCC,"KARNATAKA POWER CORP. LTD, YADALPUR"
ICLV,THE INDIA CEMENTS LIMITED
BOCB,BELPAHAR OPEN CAST MINES III
DASG,"DEHU AMMUNITION DEPOT, SHELARWADI"
TTPS,"TATA THERMAL POWER STATION SIDING, TROMBAY"
TVSG,"RASTRIYA CHEMICAL AND FERT.SIDING THAL VAISHET,PEN"
CFDJ,"GFD SIDING (A) BG, NEW JALPAI GURI"
IOBT,"POL SIDING FOR IOC AND BPCL, TADALI"
MBCB,"BALLARPUR COLLIERY SDG, BALLARSHAH"
PIOP,POL SIDING/PAKNI-PAKNI
PISK,IND SYNERGY LTD
MSPJ,M/S MSP STEEL AND POWER LIMITED
TISM,THE TATA IRON AND STEEL CO.LTD GANNAVARAM
GACL,"GUJRAT AMBUJA CEMENT LTD SIDING, RUPNAGAR"
MDKS,"ASSOCIATE CEMENT SDG, MADUKARAI"
FCOP,"FOOD CORPORATION OF INDIA SDG, PILAMEDU"
SAIP,"STEEL AUTHORITY OF INDIA SDG, PILAMEDU"
SSPS,"SALEM STEEL PLANT SDG, SALEM JN."
ATPS,"ANPARA THERMAL POWER STATION SDG, KRISHNA SHILA"
PFCR,FCI SDG ROZA
TPAK,THERMAL POWER STATION SDG FOR APGENCO KONDAPALLI
DMFS,FCI SIDING (BG) DIMAPUR
LKU,LALKUA JN.
FKZS,"FOOD CORPORATION OF INDIA SDG, KAZHAKUTTAM"
QLNS,"FOOD CORPORATION OF INDIA SDG, QUILON JN."
PUS,PHUSRO
MATP,ASSOCIATED CONTAINER TERMINAL LTD.(ACTL) SIDING
KJDI,KAJJIDONI
AWBB,"ANGUS ENGG.WORKS SDG.OF BRAITH WAITE(I)LTD,BHADRESHWAR GHAT"
SKND,SUKINDA ROAD
TMKA,TOMKA
ANGL,ANGUL
BBLS,BARADWAR BALLAST SIDING
GCCK,GATI SHAKTI CARGO TERMINAL OF CONTAINER CORP OF INDIA LTD
CMCK,ICD CONCOR MULTIMODAL CONTAINER TERMINAL SRV KLH
PAAS,M/S AHIR SALT AND ALLIED PRODUCTS PVT LTD SERVED BY SHIRVA
MUCL,M/S ULTRATECH CEMENT LTD.(DANKUNI CEMENT WORKS)
ERNF,"FERTILIZER AND CHEMICALS TRAVANCORE SIDING, IRUMPANAM"
VRQS,M/S CHETTINAD CEMENT CORPORATION PVT.LTD. SIDING SRV BY VRQ
DCSK,DAKRA MANUAL SDG
PBJT,DALMIA CEMENT EAST LTD.
NELM,M/S NAYARA ENERGY LIMITED SERVED BY MODPUR
UCPD,ULTRA TECH CEMENT LTD: UNIT PATLIPUTRA CEMENT WORKS
DGFJ,BDRCLS DAHEJ
BRSM,BINA REFINERY PLANT SIDING
MBEB,M/S BENGAL ENERGY LTD
JVRB,M/S JALAGAM VENGALA RAO OPENCAST MINES SINGERENI COLL CO LTD
CWJC,CENTRAL WAREHOUSING CORP. SIDING
IPCD,M/S INDIAN PORT RAIL CORP LIMITED DRY-PORT
MUTG,M/S. ULTRATECH CEMENT LTD. SIDING SERVED BY GINIGERA
DUMK,DUMKA
MSGS,MADHOSINGH GOODS SHED
RCLM,M/S RAMCO CEMENTS LTD
HNPA,HANDAPA
BLGR,BALANGIR
MSTR,M/S SRIDHI TRANSPORT CO PVT LTD
MLNM,MAILANI
SVER,M/S SHRI VAJRA ENTERPRIZES PVT LTD
HDCL,"M/S HINDUSTAN ENGINEERING AND IND.LTD., BALLYGUNGE JN."
BPMS,"BENGDUBI MILTARY PROJECT SDG, RANGAPANI"
PHDL,M/S PALOGIX INFRASTRUCTURE PRIVATE LTD
LMGT,LINGARAJ MGR OF M/S MCL AT TALCHER
OSBK,"OLD SICK LINE,BARKAKANA"
PPBG,M/S PARAS POWER AND COAL BENEFICATION PRIVATE LIMITED
TKFS,"FOOD CORPORATION OF INDIA SDG, TIKKOTTI"
MBPP,M/S BHARAT PETROLEUM CORPORATION LTD. SIDING AT URAN PANVEL
POLG,POL SIDING FOR IOC LTD. GAIGAON
KNSG,"KHAMARIA ORDINANCE FY. SDG, JABALPUR"
UTCJ,ULTRA TECH CEMENT LTD JHARLI
PMCJ,PVT SDG OF M/S MAHAVIR COAL WASHRIES PVT LTD/NIA
MFSJ,M/S MAHANADI COALFIELD LTD. AT SARDEGA
LSST,LINGARAJ SILO SIDING OF M/S MCL
NTCD,"NATIONAL THERMAL POWER HOUSE SDG, DADRI"
NHGJ,NEW HARANGAJAO
NHLG,NEW HALFONG
SLJG,SAKRIGALI GHAT LINE PUBLIC SIDING
YFIB,M/S YARA FERTILIZERS INDIA PVT.LTD.
KNGK,KAKINADA NEW GOODS COMPLEX
KNSP,KUJU NEW SIDING
KBGB,KOMAGATA MARU BUDGE BUDGE
JSPK,PRIVATE SIDING OF M/S JINDAL STEEL AND POWER LIMITED
SVMS,M/S S.V.MULTI LOGI-TECH PVT. AT SHANKARPALLI
RLCM,RAJDHAR LINE NO.2 CCL SDG.
DBYC,DUGDA LINE NO.3 BOX YARD PUBLIC SIDING
TJPS,TALJHARI PUBLIC SIDING
HLRS,HALISAHAR STORE DEPOT
NPSB,M/S NABHA POWER LTD.SIDING
MHPL,M/S HASTI PETRO CHEMICAL AND SHIPPING LTD AT SANAND
HPOB,HINDUSTAN PETROLEUM OIL DEPOT SIDING
NRCC,NORTH RAMGARH COLLIERY SIDING CHAINPUR
BCFG,GRASIM INDUSTRIES LIMITED
WCSG,WONDER CEMENT SIDING
MRCJ,M/S.RAMCO CEMENTS LTD SDG SERVED BY JAGGAYAPET TOWN RLY STN
IBBM,M/S INTRENATIONAL CARGO TERMINALS AND RAIL INFRASTR.PVT.LTD.
UTCU,M/S ULTRATECH CEMENT SIDING
IOJB,M/S BANSPANI IRON LTD
KKBK,KHANUDIH-KHARKHAREE-CHORD(MAIN)COLLIERY
TFGN,TUFANGANJ
MMCA,AMONI WORKSHOP
IOBD,M/S INDIAN OIL SIDING SERVED BY BOD
PCWD,M/S.CONTINENTAL WAREHOUSING CORPORATION (NHAVA SEVA) LTD.
CEM,CHEEKATEGALAPALEM
JAPN,JHALRAPATAN
COIB,COMBINED OIL INDUSTRY AT SOMNATHPUR OF M/S HPCL
TCLD,M/S THE PVT SDG OF M/S INDORAMA INDIA LTD
TSPD,"M/S TISCO SDG, SONAKHAN"
JMTC,JODA EAST DIRECT ENTRY PVT. SDG. OF M/S. TATA STEEL LTD.
BSK,"BALLAST SIDING KALAMNA, KALAMNA"
MJBB,M/S JAI BALAJI INDUSTRIES LTD
HMEL,GURU GOVIND SINGH REFINERY PROJECT HPCL MITTAL ENERGY LTD
UDPU,UDAIPUR
DCDG,DEDICATED FREIGHT CORRIDOR CORPORATION OF INDIA LTD
GWCB,GONDAWALI COAL SIDING
PNPP,NEW PAHARA
ARIK,ARSHIYA RAIL INFRASTRUCTURE LTD. (ARIL) ICD SDG
KPSH,M/S KODERMA THERMAL POWER STATION SIDING
KMLJ,KAMALAJARI
APSA,M/S ADANI PORTS AND SPL ECONOMIC ZONE LTD(APSEZ)PORT TRMNL
HMH,HANUMANGARH JN.
FCST,"FOOD CORP. OF INDIA, SAMALKOT"
HNL,HINGOLI(DECCAN)
IOCE,"IOC SIDING , JHUJHARPUR"
KORI,KHORI
SBLT,SHRI BHADRIYA LATHI
PSKS,"M/S POL SIDING, KATARSING WALA"
KMU,KUMBAKONAM
WENA,WENA
MURD,MANDAWAR MAHWA ROAD
KYS,KUSUM KASA
BEHR,BEOHARI
BMSB,BHIMASAR
JDB,JAGDALPUR
RUPC,RUDRAPUR CITY
POK,POKARAN
CTHR,CHITAHRA
VRI,VRIDHA CHALAM JN.
RJY,RAJAHMUNDRY
JMU,JAMUI
FDK,FARIDKOT
SHLK,SHOLAKA
GK,GOLA GOKARANNATH
CS,CANNANORE SOUTH
EPHN,EPH SIDING INDRAPRASTHA
MNE,MANSI JN.
KKP,KOTKAPURA JN.
FGTP,FEROZE GANDHI THERMAL POWER PROJECT SDG
IOCD,"IOC / BPC LTD., SURAREDDIPALEM"
MBY,MANDI DABWALI
BXA,BALOD
MBG,MAIBANG
TUP,TIRUPPUR
CRS,CHAURASHI
BSB,VARANASI JN.
RBH,RAJBANDH
KVR,KOVVUR
TCR,TRICHUR
RVD,RAVIKAMPADU
JKE,JUKEHI
BNJ,BANGAON JN.
FKG,FURKATING JN.
JQSG,ACC LTD KYMORE SIDING
KPPS,"KOLA GHAT THERMAL POWER STN, MECHEDA"
HPLG,"HPC OIL TERMINAL SIDING, LONI"
PHSH,"POWER HOUSE (A) SIDING, HARDUA GANJ"
RGM,RANGAPURAM
PSIC,"INDIAN OIL CORP., BIJAPUR"
NBUE,NIBKARORI
KIS,KAPILAS ROAD JN.
MPLI,MINNAMPALLI
SKGH,SAKTESGARH
OYR,WARIA
PBE,PILIBHIT JN.
BJO,BIJNOR
KGB,KARGI ROAD
KOU,KODURU
SNV,SONDAD
PSJ,PATASAHI
ZPL,ZANGALAPALLE
ASN,ASANSOL JN.
SAMT,SALEM MARKET
BTW,BARSI TOWN
PNM,PANYAM
NZM,HAZRAT NIZAM-UD-DIN JN.
GNG,GAURI GANJ
STAR,"M/S STAR CEMENT SIDING,(PVT/BG) AT TETELIA"
BIRP,BIRARAJPUR
BCHL,BACHELI
DYP,DARYAPUR
RPD,RUPAUND
MZP,MIRZAPUR
BE,BAREILLY JN.
TLD,TILDA NEORA
WDL,WANDAL
KMN,KHAMGAON
SLO,SAMALKOT JN.
CNI,CHANDIL JN.
JSA,JASAI
SINI,SINI JN.
BIRD,BHIVANDI ROAD
PIS,PISKA FS
RXL,RAXAUL JN.
CHTS,COCHIN HARBOUR TERMINUS
ARA,ARA JN.
TDV,THONDE BHAVI
GDK,GONDA KACHAHRI
KAY,KARAI MADAI
CWA,CHHINDWARA JN.
VPT,VIRUDHUNAGAR JN.
DMN,DHAMANGAON
BUDI,BUNDI
HAPA,HAPA
RNJP,RANAJITPURA
PAX,PATTI
BRZ,BARETA
KL,KHERLI
DTJ,DETROJ
DRB,DEBARI
ARR,ARARIYA
WADI,WADI JN.
KHKT,KHOT-KHOTI
ATRU,ATRU
PRI,PATHRI
APH,ANUPGARH
CMX,CHAMA GRAM
ICKR,"IOC LTD. SDG, BG, KHARI ROHAR ROAD"
SCSU,PURE SITALPUR COLLIERY SDG
KJY,KHURJA CITY
JNPT,JAWAHAR LAL NEHRU PORT
BVRM,BHIMAVARAM JN.
BNHT,BANNIHATTI
NNV,NANWARA
CFDS,THE ASSOCIATED CEMENT CO. LTD.UNIT BARGARH CEMENT WORKS
PMCS,PANDRA BR. SIDING
KCSS,KUNUSTORIA COLLY SDG
SDUL,SRIPUR NO.1 SIDING
BCTL,BHANORA LOOP RLY SIDING
BTO,BHITAURA
DFSD,"FOOD CORPN. OF INDIA, DANKUNI"
LPDC,"LTC PLANT DANKUNI COAL COMPLEX SDG, JANAI ROAD"
MRH,MARMAGAO HARBOUR
BKL,BONA KALU
BNI,BUDNI
NSKG,"NAVAL SIDING KARANJA, URAN CITY"
PY,PERUNDURAI
BZA,VIJAYWADA JN.
NEYT,"PVT SDG OF M/S NTPC SUPER THERMAL POWER STN,TALCHER,KANIHA"
PPA,PIPRA
MFR,MANDLA FORT
SCPD,SUCHIPIND
CLG,KAHALGAON
AUBR,ANUGRAHA NARAYAN ROAD
FCIT,M/S FCI VENKATACHALEM
ICDK,ICD KANAKPURA SIDING
MDCC,MUNDRA PORT CARGO COMPLEX
BDYD,BHILAI DEPARTURE YARD (FOR INWARD STEEL TRAFFIC)
ODG,OBAIDULLAGANJ
SVW,SHIVNISHIVAPUR
BHI,BAHERI
CGM,"CHARGAON COLLIERY SIDING, MAJRI JN."
MNBK,M/S NTPC-SAIL POWER CO. PTV. LTD. SIDING
FMP,FERRO MANGANESE SDG
SSYS,"M/S SAIL STOCK YARD SIDING, JANAI ROAD"
CWHN,"CWC SDG, NABHA"
BHUJ,BHUJ
SCCR,"SAURASHTRA CEMENT AND CHEMICAL INDUSTRIES LTD SDG, RANAVAV"
LMNR,LAKSHMI BAI NAGAR
DTX,DANG TAL
PTRU,PATRATU
KZK,KAZHAKUTTAM
SIKD,SIKRODA KWANRI
MCPE,MARWAR CHHAPRI
TCLS,"TATA CHEMICALS LTD. SDG, BHIMRANA"
TWB,TALWANDI
SKB,SHIKOHABAD JN.
GETS,"GUJRAT ELEC. BOARD AT PETHAPUR, GANDHI NAGAR CAPITAL"
KPGM,KARPOORIGRAM
SCRM,RAMA KRISHNA MINES FOR SINGARERNI COLLIERIES MANDAMARI
TDPS,"TEHRI HYDRO DEVELOPMENT CORPORATION LTD., RISHIKESH"
KCCS,M/S CEMENT DVSN UNIT OF KESORAM INDUST.LTD(KESORAM FACOTORY)
BST,BASTI
KAF,"KHARIDA SIDING, KHARAGPUR"
MELG,"MAHARASTRA ELECTRO SMELT SDG, CHANDRAPUR"
PLBG,"POL SIDING FOR BPCL, BHITONI"
BPBW,BEDI PORT TERMINAL SERVED BY BEDESHWAR WINDMILL
PNWP,PATHERDIH NLW WASHERY SIDING
KSCK,KRISHNASHILA CHP SIDING
UCTV,M/S ULTRA TECH CEMENT LTD GATI SHAKTI CARGO TERMINAL
ESGB,M/S ESL STEEL LIMITED GCT AT BANDHDIH
NCTP,NISCHINTAPUR
FWSM,GCT OF M/S FUELCO WASHERIES (INDIA ) LIMITED
BMGK,M/S BGR MINING AND INFRA LIMITED GCT TERMINAL
RDPS,RAJNANDGAON PUBLIC SIDING
DSNS,DUDHCHUA SILO 03 GCT OF NCL
BPGH,M/S BPCL HIRENANDURU
IAA,INDARA JN.
JTTN,JORHAT TOWN
DGO,DURGAUTI
KM,KALEM
UJH,UJHANI
NH,NAIHATI JN.
MQX,MERALGRAM
MAP,MORAPPUR
SSB,SHAKURBASTI
MLFC,MALDA COURT
VDI,VELDURTI
NHN,NIGOHAN
DUR,DESUR
BXT,BAMAN HAT
TAK,TARAKESHWAR
FDN,FARIDABAD NEW TOWN
RNI,RANGAPANI
WZJ,WAZERGANJ
RNJ,RUNIJA
CHH,CHAUKHANDI
MHRL,MAHRAIL
SANK,SANK
SSV,SASWAD ROAD
DHU,DHUBULIA
BXP,BARPATHAR
BQA,BANKURA JN.
RAY,RAY
SRY,SIRARI
CC,CHAURI CHAURA
BWK,BAWANI KHERA
NBA,NABHA
PAR,PANDURNA
PNF,PANGAON
JYP,JEYPORE
RKSH,RISHIKESH
SOG,SURATGARH JN.
ALLP,ALLEPPEY
DST,DASAMPATTI
SRVA,SHIRVA
CTYL,CHITYALA
DUM,DHAURMUI JAGHINA
CE,CHHARODI
LONI,LONI
PTA,PATIALA
PNU,PALANPUR JN.
KUGT,KUMAR GHAT
MOT,MALOUT
IDG,INDER GARH SUMERGANJ MANDI
BHT,BHATTU
TCL,TYAKAL
OGL,ONGOLE
DDL,DHANDARI KALAN
ANU,ANANGUR
VSU,BISHNUPUR
DDR,MUMBAI (DADAR)
CIA,CHHEHARTA
CPCT,CHENNAI PETROLEUM CORP LTD GATI-SHAKTI MULTI MODAL CARGO TML
MCFL,PRIVATE SIDING OF M/S MAHANADI COALFIELDS LIMITED AT LAIKERA
DPMT,M/S DP WORLD MULTIMODAL LOGISTICS HYDERABAD PRIVATE LIMITED
BIZ,BAIHATA
KCCJ,KONAR CCL SIDING
HGTS,M/S HPCL-GATI SHAKTI MULTI-MODAL CARGO TERMINAL SRVD BY SZV
TWLB,"TITAGARH WAGONS LIMITED, BHARATPUR"
BPRG,M/S BPCL S GCT AT RADHAGAON
UCLH,"M/S ULTRA TECH CEMENT LTD., SDG HATHBANDH"
SCW,SWANG COAL WASHERY
TEMP,"METTUR THERMAL POWER PROJECT SIDING, METTUR DAM"
TVR,THIRUVARUR JN.
MSMM,Sarda Energy and Minrals ltd
MBCY,BHARATHI CEMENTS COR. LTD.
JFAI,FCI JHARSUGUDA JN.
ICDW,INLAND CONTAINER DEPOT SERVED BY SGWF
DICD,INLAND CONTAINER DEPOT DHANDARI KALAN
ICOD,INLAND CONTAINER DEPOT
JHSW,JHANSI WORKSHOP
HPCM,"HPCL SIDING, AMAUSI"
ICSP,INLAND CONTAINER DEPOT AT SONEPAT
TNPS,"IOC SIDING NO 1 (ABC TRACK), TONDIARPET"
VSPT,"VISHAKHAPATTANAM STEEL SDG, TONDIARPET"
NLPD,NALLA PADU JN.
FCB,"FCI SIDING, BILASPUR"
CSTN,SANAT NAGAR CONCOR SIDING
SDNR,SEYDUNGANALLUR
DSBG,"DEFENCE YARD SDG, BABINA"
KSIK,"KALAPAHARI SDG, PAKAUR"
POSA,"POL SDG, AONLA"
NBHS,"J.K.CEMENT SDG, NIMBAHERA"
BHZ,BIHARA
DBCP,DALURBRANCH COLLIERY SIDING PANDABESWAR
PJCS,PARASEA COLLIERY SIDING SONACHARA
IOSP,"IOC SDG, PARADEEP"
OFB,ORDNANCE FACTORY
RMPB,RAMPUR.
KURJ,KHAJURAHO
TSLE,TIKOK SIDING PVT BG
KVSG,"ARMOURED FIGHTING VEHICLE DEPOT SIDING, KHADKI"
KASG,"AMMUNITION FACTORY SDG, KHADKI"
CPSG,"ORDINANCE DEPOT SDG, TALEGAON DABHADE"
FSNG,FCI SIDINGNEW GUWAHATI (P)(BG)
GRPB,"GUJRAT REFINERY PROJECT SDG, BAJVA"
PKRW,PAKUR LOWER QUARRY LINE NO.1
LPGK,"LPG BOTTLING PLANT SIDING, GANGAGANJ PANKI"
FCMA,"FOOD CORPORATION OF INDIA, MOGA"
MDAD,ADANI AGRI LOGISTICS LTD.
MKPG,M/S KALYANI STEEL LIMITED SIDING
SCPS,"SAURASHTRA CHEMICAL PVT SDG, PORBANDAR"
NALW,"M/S NALCO SDG, VPT"
MRZA,MIRZA
HDCB,HALDIA DOCK COMPLEX BULK
PSIA,POL SIDING FOR ICL/AKOLNER-AKOLNER
CKWP,C K WEST COLLIERY SIDING PATHERDIH
KRMD,KUARMUNDA
DHG,DHRANGADHRA (BG)
KSRT,"KODANPAHAR, RAMTEK"
FCIJ,"FOOD CORP. OF INDIA SDG, JAMIKUNTA"
GSFM,"GSFC SDG., MOTI KHAWDI"
KRCA,KARACHIYA YARD
MSIR,M/S SKS ISPAT AND POWER LTD SIDING RSDs
MVAA,PRIVATE SIDING OF M/S VEDANTA LIMITED
PBN,PARBHANI JN.
OCSB,ORIENT CEMENT SIDING BHADLI
KAV,KALAMNA JN.
UME,TAQA NEYVELI POWER COMPANY PVT LTD SDG SRV UMG
PCEK,PVT SDG OF CSEB PH-I
LPBP,"LPG BOTTLING PLANT, LALRU"
BROL,POL SIDING FOR M/S BPCL
MOIB,PRIVATE SIDING OF M/S DALMIA CEMENT(BHARAT)
SNSM,S.N.SUNDERSON AND CO.SDG.
NMDM,N.M..DUBASH SDG. MEHGAON
MCLK,KANIKA SIDING OF MCL
PSCR,M/S CREST STEEL AND POWER PVT. LTD
KBCS,"KRISHAK BHARAT CO-OP LTD., KOSAD"
PGFV,"M/S GODAVARI FERTILISER CHEMICAL LTD SDG, VISAKHAPATNAM"
KECM,KARNATAKAEMTA COAL MINES SDNG
RGSR,RAJKOT GOODS SHED
JCSS,JAYANTH COLLIERY SIDING
FCPD,"FCI PVT SDG, PHULWARI SHARIF"
ASCR,CHINAKURI NO. 16
BPCC,BHARAT PETROLEUM CORPORATION SDG
AMSG,"AIR FORCE SIDING, AMLA"
DFBD,DEDICATED FREIGHT CORRIDOR CORPARATION OF INDIA LTD
MLPB,"M/S MULTIMODAL LOGISTICS PARK,BALLI"
NSPN,M/S.NTPC LTD. SUPER THERMAL POWER SIDING-KHARGONE SRV NKR
AMSC,"MYSORE CEMENT SDG, AMMASANDRA"
PHEC,M/S HIND ENERGY AND COAL BENEFICATION (INDIA) LTD
PMAB,M/S AMBUJA CEMENT LTD
MMIS,M/S MID EAST INTEGRATED STEELS LTD
PJPD,IN PLANT PRIVATE SIDING OF M/S. JINDAL STEEL LTD.
PNCS,M/S NAVKAR CORP. LTD
BPAJ,M/S BPCL SIDING
LIKA,LAIKERA
FCIP,"M/S FCI SDG, ADRA"
LAKS,LANCO ANPARA (ANPARA C) TPS PVT. SDG.
CMCN,DOMESTIC CONTAINER TERMINAL SIDING OF M/S.CONCOR NAGALAPALLE
PTSB,M/S TOTAL SHIPPING AND LOGISTICS PVT.LTD.(TSLPL) SRVD BY BKD
NFAG,PVT SD. OF M/S NTPC FLY ASH SIDING
SMER,PRIVATE SIDING OF M/S SHYAM METALICS AND ENERGY LIMITED
CWCJ,M/S. CONTINENTAL WAREHOUSING CORPORATION (NHAVA SEVA) LTD.
SCLS,M/S SHIV CARRIERS ROADWAYS PVT LTD
IORG,"INDIAN OIL REFINERY SDG (BG), BARAUNI JN."
YJUD,YAMUNANAGAR JAGADHARI
FCBK,FCI SIDING(PVT) BINDUKURI
IOC,POL SIDING FOR IOC LTD. SHIRUD
UDMR,UDI MOR
MNDP,MENDIPATHAR
NTPB,PRIVATE SIDING OF M/S NTPC GADARWARA RLY SDG SVD BY BARANJH
GFMK,M/S SHRI MAHAVIR FERRO ALLOYS PRIVATE LTD.
FSH,"FOOD GRAIN SIDING ( A ) BG, HOJAI"
BQER,RELIANCE PETROLEUM SIDING BAKANIAN BHAUNARI
CHJD,CHENNAI HARBOUR (JAWAHAR DOCKS)
PMRB,PVT SDG OF M/S RUNGTA MINES LTD.(AT BARBIL)
KMNN,KHAMANON
CTKR,CONCOR TERMINAL KOPT COAL DOCK ROAD
PPCP,M/S PENNA CEMENT INDUSTRIES LTD
GBGG,GAJARA BAHARA GOODS SHED
APLS,ADANI POWER RAJASTHAN LIMITED SIDING
AIPH,M/S HINDUSTHAN PETROLEUM CORPORATION LIMITED PRIVATE SIDING
JSWV,M/S JSW STEEL COATED PRODUCTS LTD.
MAAM,M/S ADANI AGRI LOGISTICS LTD. PVT. SIDING SERVED BY MALUR
DPSC,DUGDA LINE NO.5 PUBLIC SIDING
PATP,ADANI AGRO LOGISTICS LTD
BGNP,BANAGANAPALLE
MTSS,M/S TALWANDI SABO POWER LTD.
GCSP,GIDDI 'A' COLLIERY SIDING PATRATU
DCSN,DUDHI CHUA SIDING SHAKTI NAGAR
MMBD,M/S MAHESHWARI COAL BENEFICIATION AND INFRA PVT LTD
MAAL,PRIVATE SIDING OF M/S HINDALCO INDU. LTD.(ADITYA ALUMINIUM)
CEBD,PVT SDG OF COMMERCIAL ENGGS AND BODY BUILDERS CO.LTD(CEBBCO)
RVSJ,RASHTRIYA ISPAT NIGAM LTD(VSKP STEEL PL PROJ)JAGGAYAPET TOWN
SWSS,SUDAMDIH COAL WASHERY
PBSB,M/S SAIL SIDING SERVED BY BXF
MKIG,M/S KRIBHCO INFRASTRUCTURE LTD SIDING SERVED BY GOTHANGAON
MPIB,M/S PRISTINE MAGADH INFRASTRUCTURE PRIVATE LIMITED
UCLC,M/S ULTRATECH CEMENT LIMITED
SLSP,SHIVPOOR LINE NO.4 CCL SIDING
TMGP,PRIVATE SIDING OF M/S TATA STEEL LIMITED
BCME,"BURNCO SIDING, BARACHAK"
MMHR,M/S MY HOME INDUSTRIES PRIVATE LIMITED
CGDM,CONCOR SIDING GANDHIDHAM
HZBN,HAZARIBAGH TOWN
KKAS,KATKAMASANDI
PSNS,"M/S NOVA IRON AND STEEL LTD. SDG, DAGORI"
PMAK,"M/S ACC LTD. SIDING, KUDATINI"
FBWP,FLASHBUTT WELDING PLANT
HPHI,HARAPANAHALLI
KCHP,KORICHHAPAR
MFCP,MATIX FERTILISERS AND CHEMICALS LTD
UHP,UDHAMPUR
MNVG,NAVA BHARAT VENTURES LTD.
PSOR,PUBLIC SIDING OF RAILWAY
MVKF,M/S FOOD CORP SIDING SERVED BY MVLK
PBCM,M/S BHILAI JAYPEE CEMENT LIMITED
JHJ,JHAJJAR
MMCT,MUMBAI CENTRAL
APLU,ADANI POWER LIMITED UDUPI SERVED BY NANDIKOOR
KFGB,GATI SHAKTI CARGO TERMINAL OF KRIBHCO FERTILIZERS LTD BTRA
GCCP,GCT OF M/S. CONCOR
MNSM,MANIKGARH NEW GOODS SHED
PNKR,NEW KANPUR FOR DFCCIL PVT SIDING
AWB,AURANGABAD
FCGV,"FOOD CORP. OF INDIA, GUDIVADA"
CTD,CHHOTA UDEPUR
MUK,MUNUMAKA
GOE,GHOGRAPAR
CPLE,CHINPAI
MLHA,MALIYAHATINA
TICD,INLAND CONTAINER DEPOT TUGLAKABAD
NSZ,NISHATPURA
BXLL,BILLI JN.
PGW,PHAGWARA JN.
PLMD,PILAMEDU
GGN,GURGAON
SNLR,SANTALPUR
DGR,DURGAPUR
KTHU,KATHUA
FISG,"FOOD CORPORATION OF INDIA SDG, ITARSI"
TMBY,TROMBAY
BGTN,BHAGTANWALA
HMP,HEMPUR
GGS,GHUGUS
FCSS,"FOOD CORPORATION OF INDIA, SANEHWAL"
CTA,CHITRADURG
AYB,ALIYABAD HALT
MTLA,MOTHALA
SGUJ,SILIGURI JN.
MB,MORADABAD JN.
KOKG,KORUKKUPET GOODS
DDC,DUM DUM CANTONMENT
NR,NIPHAD
GDB,GIDDARBAHA
JBG,JUNGBAHADUR GANJ
LKG,LAMSAKHANG
KYI,KALYANI JN.
ERM,ERNAKULAM MARSHALLING YD
PPI,PIPARIYA
MDPB,MADHOPUR (PUNJAB)
DDM,DAMDIM
DBB,DHUBRI
MKPR,MUKTAPUR
DBU,DODBALLAPUR
PTNR,PATEL NAGAR JN.
NPR,NEPALGANJ ROAD
CVD,CHAVADI-PALAYAM
HZD,HAZARIBAGH ROAD
JNE,JANIYANA
BPB,BADARPUR JN.
MZS,MURKEONG SELEK
SREW,HINDUSTHAN ENGINEERING AND INDUSTRIES LTD
DCSG,"EAST DONGERCHIKLI COLLIERY SDG, PARASIA"
KBL,KOPPAL
MCN,MUKUNDARAYAPURAM
TTPH,"TANDA THERMAL POWER HOUSE, TANDA"
IFAB,"IFFCO AONLA SIDING, BISHARATGANJ"
PICN,INDIAN OIL CORP. NAVALUR
ADF,ADINA
PWO,PERAMBUR WORKS (GOODS OFFICE)
KVQ,KOSIARA
RNQ,RENUKUT
BL,VALSAD
AHH,AHMADGARH
RDR,RADHANAGAR
PLO,PULGAON JN.
BBMN,BARI BRAHMAN
LUN,LAVANPUR
UDN,UDHNA JN.
ULL,ULLAL
NDN,NARDANA
KYN,KALYAN JN.
MAEL,MAEL
MNM,MANAMADURAI JN.
ST,SURAT
WL,WARANGAL
BTD,BOTAD JN.
YNK,YELAHANKA JN.
CUPJ,CUDDALORE PORT JN.
BEAS,BEAS
SNL,SANAHWAL
CD,CHANDRAPUR (MH)
PEP,PHEPHNA JN.
CKI,CHALAKUDI
BSUR,BISALPUR
SXB,SAMBRE
JRBM,JIRIBAM
TRDI,TIRODI
BXC,BARWALA
TRVL,TIRUVALLA
DURG,DURG JN.
GGC,GANGAPUR CITY
DWP,DWARAPUDI
MVI,MORBI
TKT,TIKKOTTI
NRD,NARODA
GRF,GAMBHIRI ROAD
VTJ,VARTEJ
BTE,BHARATPUR JN.
BWZ,BADDOWAL
GUA,GUA
HSRA,HOSUR
GJUT,GANGSAR JAITU
DZK,DURGACHAK
SKP,SHANKARPALLI
PUL,RAMPURA-PHUL
PGT,PALAKKAD JN.
KTY,KOTTURU
JPE,JALPAIGURI ROAD
ETAH,ETAH
TRNA,TORNA
CTO,CHITTOOR
DSA,DELHI SAHADARA JN.
WWA,VAVANIYA
KIR,KATIHAR JN.
GAR,GADARWARA
DJI,DHORAJI
MAAP,"M/S ADANI AGRI LOGISTICS LTD, PEHOWA ROAD"
ICBB,"IOC LTD. SDG, BAKANIAN BHAUNRI"
CCSJ,CHITRA COLLIERY SIDING JAMATARA
FCG,"FOOD CORPORATION OF INDIA , GHEVRA"
LUR,LATUR
BOG,BHAIRON GARH
KMX,KOMATIPALLI
CCSP,CHASNALA COLLIERY SIDING PATHERDIH
NVS,NAVSARI
BLZ,BUDHLADA
VEN,VERNA
C,KIDDERPORE DOCKS
ACSG,"DCOS SDG, DAHOD"
SZN,SHAHBAZ NAGAR
JAN,JARANGDIH
BV,BABHNAN
BAY,BALLARI JN.
NGRM,M/S RAMSARUP INDUSTRIES LIMITED
BPCR,BPCL SDNG KARARI
NMCL,UP RNG-I (NIMCHA)COLLIERY SIDING NIMCHA BH
MCES,BUDGE BUDGE M/S CESC POWER GENERATING STATION
DDCW,DUGDA COAL WASHERY SIDING
CPCS,CENTRAL PIT COLLY SG.
KNSR,KANASAR
DKN,DEVAN GONTHI
HBN,HAIBARGAON
PNMB,PANAMBURU
KGCK,KESARGARH COLLIERY SIDING KATRASGARH
ALPR,ALAM PUR ROAD
RPOS,"RAICHUR PUBLIC OIL SIDING, RAICHUR"
WCPS,"WEST COAST PAPER MILLS SDG, AMBEWADI"
NAB,NAGBHIR JN.
GOGH,GOSAIGAON HAT
MICL,"MICO USERS TEXMACO SDG, SODPUR"
MLX,MULLANPUR
SCSK,"SURKACHAR COLLIERY OF M/S MCDC, KORBA"
RNG,RANI GANJ
RJPM,RAJAPALAIYAM
PSPY,PRASANNAYA PALLI
RYP,RAYANAPADU
SAV,SAVDA
CBKB,ICD SIDING AT BGKT
VSPV,M/S VIZAG SEAPORT PRIVATE LTD.VISAKHAPATNAM
IGU,IRUGUR
BGCD,"BHADRESHWAR GHAT COAL DUMP SDG, BHADRESHWAR GHAT"
BRCY,VADODARA MARSHALLING YARD
AGN,AMGAON
NDM,NIDAMANURU
GZB,GHAZIABAD JN.
BGCK,"BHATGAON COLLY SDG, KARONJI"
TAST,TORI ASSISTED SIDING
MTDI,MALTEKDI
KNL,KALANWALI
ASKN,ASHOK NAGAR
RBL,RAE BARELI JN.
MCTS,"MANGLAM CEMENT WORKS, MORAK"
TPNR,TRANSPORT NAGAR
MYR,MAIHAR
FCID,FOOD CORPORATION OF INDIA DHURI
CODS,"COD SIDING,, CHHEOKI"
DHWS,DHOSAWAS
CPQ,CHAPRAKATA
JRLI,JAROLI
GXSG,"GODAVARI KHANI NO 6 COLLIERY, RAMGUNDAM"
ECRG,"M/S ELECTROSTEEL CASTINGS LTD SIDING, SERVED BY RCG RLY STN"
PSTA,PUBLIC SIDING AT TATANAGAR
KKNR,KAMAKHYA NAGAR
ASGS,GATI SHAKTI CARGO TERMINAL (GSCT) OF ACTL SAMBA PRIVATE LTD
WCNA,M/S WONDER CEMENT LTD (WCL) TAKING OFF FROM NARDANA
MCGB,M/S MAHANADI COALFIELDS LIMITED GCT
WNGS,WANI NEW GOODS SHED
BKSN,BOKARO PUBLIC SIDING AT NOAMUNDI
SDGG,SECL DIPKA SILO
CRPD,CENTRAL DESPATCH YARD AND ORE TIPPLER NO.4 AND 5
BKGS,BAKUDI GENERAL SIDING
PRTP,PARTAPUR
BGDS,BHAGWANPUR DESUA
DMV,DIMAPUR
RAH,RAMGARH
SDLP,SADULPUR
NIP,NIZAMPUR
PLK,PALIAKALAN
LLBR,LALABAZAR
MQS,MALSIAN SHAHKOT
VNCW,VISHAKHAPATNAM NEW GDS COMPLEX
AAL,AMLAI
BTR,BUTARI
BAU,BURHANPUR
DHA,DHEENA
GRMT,GUD MARKET
ED,ERODE JN.
HNS,HANSI JUNCTION
NLE,NILESHWAR
BVH,BALLABGARH
KW,KHERVADI
SCT,SENGOTTAI
PPT,PIRPAINTI
NRPA,NARAYANPUR ANANT
KRJ,KHURJA JN.
KRLI,KURALI
KEMA,KUKMA HALT
DG,DINDIGUL JN.
SGO,SAUGOR
DIB,DIBAI
KXG,KHARIA KHANGAR
MGG,MANGLIYA GAON
DDCE,DUNDI
ANG,AHMEDNAGAR
NPV,NARPATGANJ
SRP,SHRIRAMPUR
BXF,BARSUAN
MAU,MAU JN.
RPAR,ROOPNAGAR
JYG,JAYNAGAR
LMG,LUMDING JN.
GDA,GODHRA JN.
SORI,SORAI
ANKL,ANKOLA
TRR,TARAORI
CAM,CHHOTA AMBANA
CMNR,CHAMRAJANAGAR
SMP,SHAMBHUPURA
LKA,LANKA
VRG,VIKRAM NAGAR
UPW,UPPALAVAI
NTW,NANJANGUD TOWN
SCA,SALCHAPRA
AGT,AGTHORI
NAC,NAWA CITY
DSO,DESHNOK
ILA,SILAIMAN
WRS,WARIS ALEGANJ
DDE,DONDAICHA
SBT,SABARMATI JN. (BG)
QLN,QUILON JN.
HMG,HAMIR GARH
POY,POLLACHI JN.
ADE,ADARI ROAD
SDM,SURAREDDIPALEM
RLA,RAJULA JN.
JOB,ASALPUR JABNER
NSL,NAGARSOL
ODC,ODDANCHATIRAM
PGU,PADUGUPADU
OLA,OLAKUR
KXH,KAPURTHALA
GDL,GONDAL
MKU,MALKAPUR
CNA,CHANDERIYA
VAPM,VALAPATTINAM
JNCS,M/S JAYANT SILO GCT OF NCL
UARL,M/S UNIPRO AGROINFRA ROHTAK PVT LTD GCT MULTI-MODAL CARGO T.
ALGV,GCT MULTI-MODEL CARGO T.OF M/S ADANI LOGI LTD-VIROCHANNAGAR
JPTE,M/S JAWAHARPUR THERMAL POWER PLANT
PIDN,M/S PEGASUS INLAND CONTAINER DEPOT PVT LTD SERVED BY NAMLI
LPJL,LINGAMPET JAGITYAL
PTJT,Pvt siding of M/s TATA Power Company Ltd at Jojobera
BRML,BARAMULA
MBMB,PRIVATE SIDING OF M/s TATA STEEL LIMITED
PMRP,"M/S ROSA POWER SUPPLY COMPANY LTD. SIDING, ROSA"
BCMT,BHARATPUR PRIVATE SDG OF MCL
BSSG,"RESERVE PETROL DEPOT ASC BURMAH SHELL SDG, BHUSAVAL"
VSPG,"VISAKHA PATNAM STEEL PROJECT SDG, KALAMBOLI"
ICDD,"INLAND CONTAINER DEPOT, DADRI"
MSBB,BARI BRAHMAN MILITARY SIDING
NGEC,"GEC SIDING, NAINI JN."
BMGN,BAMUNI GAON
DJPD,"DHARMUI JAGHINA POL SDG, DUM"
GOCW,PONMAALI WORKS SIDING
DISA,DISA
KWV,KURDUWADI JN.
MHJA,"M/S. HUKUM CHAND JUTE MILL, AMLAI"
PSNG,"PRVT SDG OF SIPAT SUPER THERMAL POWER PLANT OF NTPC, GATORA"
ICDT,INLAND CONTAINER DEPOT AT CHENNAI TONDIARPET
SAIT,"STEEL AUTHORITY OF INDIA SDG, TONDIARPET"
CPMU,"CENTRAL PULP MILLS LTD, SDG, UKAI SON GADH"
CGY,CHANGANACHERI
MJSG,"NEW MANJRI COLLIERY SIDING, MAJRIKHADAN"
BESB,M/S BHARTIA ELEC. STEEL CO. (BESCO) BARUIPUR
RSD,"RAIPUR STORE DEPOT SDG, RAIPUR"
PCSP,MADARBONI COLLIERY SIDING PANDABESWAR
DBCS,"DB COLLIERY SDG , TALCHER"
TICS,"INDIA CEMENT SDG, TALAIYUTHU"
HLSG,"HINDUSTAN LALPETH COLLIERY SDG, BABU PETH"
MTDC,CHEMPLAST SANMAR LTD
CILI,"M/S ORISSA INDUSTRIES LTD, LATHI KATA"
CSDJ,"CSD SIDING (P) BG, NEW JALPAI GURI"
FCSJ,"FOOD CORPORATION OF INDIA, JAMMU TAWI"
DMRT,DUMURIPUT
TFMB,"M/S TISCO FERRO MANGANESE PLANT, BANSPAN"
CNAS,THE BIRLA CEMENT WORKS SDG (BG) CHANDERIYA
MSQS,"MAHARAJPUR STONE QUARRY, MOHRAJPUR"
CCMP,CONCOR SIDING.MANDIDEEP
KRDS,"KORADIH THERMAL POWER STATION SDG, KALAMNA"
BRMS,"MANI PAHAR SDG, BIRMITRAPUR"
FOS,NEW BUNKER SIDING OF M/S SAIL (NMDC) AT KRBU
FKSG,"FOOD CORP.OF INDIA, KAZIPET JN."
JCWS,JAMUL CEMENT WKS BHILAI
HSLD,"M/S HSL'S STEEL PLANT SDG, AHIWARA"
BPW,BURHPURA
MCK,M/S MANIKPUR COLLIERY SIDING
DCPG,"M/S DIAMOND CEMENT PRIVATE LTD.,"
GLPT,GOAL PARA TOWN
MCNP,MARATHA CEMENT WORKS
NKCR,"NEW KUSMUNDA COLLIERY SIDING, KORBA"
MSIM,M/S JAYASWAL NECO INDUSTRIES LTD.
LIPL,M/S NUVOCO VISTAS CORPORATION LTD SERVED BY AKALTARA
FZSG,"RASTRIYA CHEMICAL SIDING, TROMBAY"
MOIL,BHARVELI MANGANESE ORE INDIA LTD. SIDING SERVED BY BALAGHAT
PNMC,"MANGLORE CHEMICALS AND FERTILIZER SDG, PANAMBURU"
BTPC,"Bakreshwar Thermal Power Project,Chinpai"
HDCG,HALDIA DOCK COMPLEX AND GENERAL
NRSR,"NUMALIGARGH REFINARY OIL SIDING, RNI"
IOA,INDIAN OIL CORPORATION LTD. ASAOTI
MAQ,MANGALORE CENTRAL
TPAR,"THERMAL 'B' POWER HOUSE, (RAMA GUNDAM)"
MGKS,"FCI GRAIN GODOWN SDG, MULAGUNNATHUKAVU"
CLWS,"CHITTARAIJAN LOCOMOTIVE WORKS SDG, RUPNARAYANPUR"
CBSP,"GCB SIDING PARADEEP PORT, PARADEEP"
DATR,DAITARI
CGMV,M/S CONCOR GCT - VARNAMA
PEQP,PARADIP EAST QUAY COAL TERMINAL PVT LTD OF M/S PPT
MDMD,MAHADEIYA LINE NO.5
PSPM,M/S SAGARDIGHI THERMAL POWER PLANT SIDING
JBTS,JAYPEE BINA THERMAL POWER PLANT SIDING
MZJM,"M/S ZUARI CEMENTS LTD., MACU"
FDBR,FERTILISER HANDLING SIDING OF M/S DPCL
ALUM,THE RAMCO CEMENTS LTD SDG BY ALU
KIIP,M/S KRIBHCO INFRASTRUCTURE LIMITED ICD SERVED BY PALI
RJPS,RAJGRAM PUBLIC SIDING
MVST,M/S VEDANTA LIMITED PRIVATE SIDING
MVCS,MUVA CONCRETE SLEEPER SDG
MBGC,M/S MBR SILOS PRIVATE LTD
CPHC,"CHIRMIRI COLLIERY SDG,CHRM"
UTCS,M/S.ULTRA TECH CEMENT LIMITED (UNIT:SHANKARPALLY BULK TMNL)
BRKM,BAHRAICH
PSMM,M/S SHREE CEMENT LTD
PMFB,PVT SDG OF M/S FEEGRADE AND CO. PVT. LTD (AT BOLANIKHADAN)
BNRN,"BAGDOG MILTARY SDG, RANGAPANI"
FCSP,"FOOD CORPORATION OF INDIA, PATIALA"
LFSG,M/S NUVOCO VISTAS CORPORATION LTD. SERVED BY GAMBHIRI ROAD
NHLN,NAHARLAGUN
IOGS,"IOCL (BG/PVT.) SIDING, DIGBOI"
VWLR,M/S. VEDANTA WASHERY AND LOGISTC SOLUTIONS PVT. LTD./ROB
SGES,"BHARAT PETROLEUM SDG, SANKARIDRUG"
ICSG,"INDIA CEMENT SDG, SANKARIDRUG"
WACS,"MALABAR CEMENT SIDING, WALAYAR"
BCBM,BALUMATH CCL SIDING
SBRM,SABROOM
BCSK,BINA COLLERY SIDING
MPCJ,PENNA CEMENTS INDUSTRIES LTD SIDING
KPRJ,KALISINDH THERMAL POWER PROJECT RRVUNL SIDING JHALAWAR
BCPL,BRAHMAPUTRA CRACKER AND POLYMER LTD.(P) SIDING
VRSS,M/S. VRC SILOS PVT. LTD.
WBPC,WEST BENGAL POWER DEVELOPMENT CORPORATION LTD SDG AT PAKUR
MPCT,M/S. PENNA CEMENT INDUSTRIES LIMITED SERVED BY TANDUR
PDLM,M/S DISTRIBUTION LOGISTICS INFRASTRUCTURE LIMITED
RMJC,M/S JSW STEEL LTD
BLBT,"BIRATOLI, LINE NO.1"
UTCM,M/s.ULTRA TECH CEMENT LIMITED (UNIT:RAJASHREE CEMENT WORKS)
PBLP,PHULBASIA LINE NO.1 CCL
DSTP,M/S DURGAPUR STEEL THERMAL POWER STATION
KBCT,M/S.KALBURGI CEMENT PRIVATE LIMITED
STHM,SINGARENI THERMAL POWER PLANT TRACK HOPPER SERVED BY MCI
PCPK,MULTI MODEL LOGISTIC PARK
CSCP,CENTRAL SOUNDA COLLIERY SIDING PATRATU
DTO,DALTONGANJ
JPCC,M/S JAYPEE CHURK INDUSTRIAL COMPLEX (JCIC)
CSGJ,M/S. CHHATTISGARH STATE POWER GEN. CO. LTD.
DCCK,DOMESTIC CONTAINER TERMINAL CONCOR SERVED BY KHODIYAR
SSCS,SHIVPOOR SHUNTING NECK CCL SIDING
UTCG,M/S ULTRATECH CEMENT LIMITED UNIT: MANIKGARH CEMENT WORKS
KLSK,KHANUDIH-KHARKHAREE-CHORD(LINK)COLLIERY-KHANUDIH
UCSD,ULTRA TECH CEMENT LTD. SIDING SRV BY DTV
SSMK,MEGHATABURU IRON ORE DEPOSIT OF M/SAIL
BICI,BARKICHANPI
CCTA,CONCOR CONTAINER TERMINAL ANKLESHWAR
CKYR,CONCOR SIDING KHODIYAR
MPJM,M/S MADHYA PRADESH JAYPEE MINERALS LTD.
KIFH,M/S KASHIPUR INFRASTRUCTURE AND FREIGHT TERMINAL PVT.LTD SDG
MSCA,M/s.Singareni Collieries Co. Limited
CSPD,"CSP SIDING DOGARGARH, DONGAR GARH"
PKRZ,PAKUR UPER QUARRY OLD LINE
SEBD,PRIVATE SIDING OF M/S VEDANTA LIMITED
JKCG,M/S JK CEMENT SIDING MANGROL
MRBD,MOINARBAND
KUHM,KUSMAHI
NINS,M/S NEELACHAL ISPAT NIGAM LTD
APSN,"ANGUS PVT SDG. NO. 2, BHADRESHWAR GHAT"
PSPG,M/S. J K PAPER LIMITED
SIGA,SHANTIGRAMA
BJCS,"M/S BHILAI JAYPEE CEMENT LIMITED, SAKARIYA"
HTPP,M/S HIND TERMINAL PVT LTD
PPGS,"M/S PRAYAGRAJ POWER GENERATION CO. LIMITED, BARA"
HPPL,M/S HINDUSTAN PETROLEUM CORPORATION LTD.(HPCL)
WCLS,M/S WONDER CEMENT LTD SIDING SERVED BY SOMNA
SCGP,M/S MAHARASHTRA CEMENT PLANT (A UNIT OF SHRI CEMENT L)
MLGC,M/S MPL LOGISTICS HUB PRIVATE LIMITED
NYDO,NARAYANDOHO
BESG,MSEB SIDING PARAS
PAI,PABAI
GTM,GHATAMPUR
FCIB,"FOOD CORPORATION OF INDIA, BARABANKI"
TBN,TIMARNI
RDHP,RADHANPUR
KSWR,KALMESHWAR
DUI,DHURI JN.
PTPS,PATRATU VIDYUT UTPADAN NIGAM LIMITED PATRATU
DMR,DHARMANAGAR
MOO,MUDDANURU
KNJ,KRISHNA NAGAR CITY JN.
RIGA,RIGA
CHJ,CHATA
RGZ,RANGRA
LNN,LONAND
MTKD,MOTI KHAVDI
STUR,SATULUR
RJGR,RAJATHGARH JN.
KTYM,KOTTAYAM
FCIM,"FOOD CORP. OF INDIA, MIRVALAGUDA"
BPHT,"BADARPUR POWER HOUSE, TUGHLAKIABAD"
FSL,"FOOD SPECIALITIES LTD, MOGA"
IOSJ,"INDIAN OIL CORPORATION, SUCHIPIND"
CCIJ,"CCI SIDING, JAGADHRI"
FCGS,"FOOD CORP. OF INDIA, KRISHANA CANAL"
PGFC,M/S. COROMANDEL INTERNATIONAL LIMITED
KEZ,KELZAR
SFY,SHAJAPUR
CPA,KANPUR (ANWAR GANJ)
IOSM,"INDIAN OIL CORPN. SDG, MYSORE NEW GOODS TERMINAL, MOGA"
WML,BEDESHWAR-WINDMILL
GUP,GAURIPUR
TBH,TATIBAHAR
CBD,CHANGRA BANDHA
CTL,CHITAL
CPE,CHANDIPOSI
GYM,GUDIYATTAM
LAD,LOHARDAGA
MHL,MAHWAL
GHQ,GARHWA
MPO,MANPUR JN.
MTP,METTUPALAIYAM JN.
NLDA,NALGONDA
ATP,ANANTAPUR
MTJ,MATHURA JN.
LLR,LALPUR
MV,MAYILADUTURAI JN.
FUT,FATUHA
JID,JAGI ROAD
PKCI,M/S GRASIM INDUSTRIES LIMITED
RINS,"NTPC SDG RIHAND SUPER THERMAL WORKS PLANT, SHAKTINAGAR"
BRRG,BIYAVRA RAJGARH
SDSG,JAYPEE CEMENT CORPORATION LTD
BLSG,"BOKARO STEEL LTD. SIDING, KHANNA BANJARI"
RKSG,"RAWANWARA KHAS COLLIERY SDG AND EXT TO RAWANWARA, PARASIA"
SLM,SOMALAPURAM
MALB,MALIYA MIYANA JN.
MWSD,"MUNIDIH WASHERY, MAHUDA"
DCSM,M/S ACC LIMITED
MRRW,"MILITARY RAMP SIDING, RAIWALA JN."
HSLN,"HINDUSTAN STEEL LTD, NAINI JN."
PFCB,"FOOD CORP. OF INDIA, BELLARY CANTONMENT"
MUT,MEERUT CANT
ROHA,ROHA
AP,ASHOKAPURAM
BBU,BHABUA ROAD
HMY,HARMUTI
TGH,TITA GARH
JMS,JAMSAR
ELR,ELAVUR
KIUL,KIUL JN.
AMRO,AMROHA
SVM,SANVORDEM CURCHOREM
TNM,TIRUVANNAMALAI
KKF,KANKARIA
LRJ,LAKSAR JN.
KZJ,KAZIPET JN.
ANDN,ANAND NAGAR
KQQ,KAUKUNTLA
HD,HARDA
AH,ACHHNERA JN.
JOS,JOGESHWARI
SJKL,SURJAKAMAL
VDM,VADAMADURA
SYM,SAVALYAPURAM
NDLS,NEW DELHI
LLH,LILUAH
LGH,LALGARH JN.
CDM,CHIDAMBARAM
RLO,RAYALCHERUVU
BLY,BALLY
VLK,VILLIVAKKAM
CPC,KANPUR CENTRAL G/SHED
LBN,LABAN
SWM,SAWAI MADHOPUR JN.
BHTA,BHATIYA
DKAE,DANKUNI JN.
CTC,CUTTACK JN.
HSP,HASANPARTI ROAD
GOA,GOHAD ROAD HALT
KZW,KATAR SINGH WALA
JIND,JIND JN.
UTL,UTARLAI
UVD,UDVADA
SID,SIDDHAPUR
UMB,AMBALA CANT JN.
KTRH,KATAREAH
BRK,BAHRAICH
ROK,ROHTAK JN.
DHAE,DAINHAT
RPZ,RANA PRATAP NAGAR
KRDL,KIRANDUL
HRNR,HIRA NAGAR
SNP,SONIPAT
KLE,KAITHAL
NYO,NAYA GAON
TBA,TIMBA ROAD JN.
AAR,ADESAR
GIMB,GANDHIDHAM JN.
MURI,MURI JN.
VLY,VALLIYUR
JAT,JAMMU TAWI
NGSM,NEW MULAND GOODS DEPOT
MEGN,MEHGAON
THM,THAIYAT HAMIRA
NGC,NEW GUWAHATI G/SHED
JHD,JEHANABAD
FCSA,"FOOD CORPORATION SDG, AVADI"
BHES,"BHARAT HEAVY ELECTRICAL SDG, MUKUNDARAYAPURAM"
VBL,BOBBILI JN.
CKNI,CHIKNI ROAD
PRDP,PARADEEP
RN,RATNAGIRI
PSEC,PARASEA COLLY SDG.
SSAP,SELECTED SAMLA ASSTD SIDING
RWL,RAIWALA JN.
BBN,BARBIL
JAB,YAMUNA BRIDGE(AGRA) JN.
KPJG,KEREJANGA
DSEY,"DURGAPORE STEEL EXCHANGE YARD SIDING, ANDAL JN."
DSPT,DANISHPET
MYA,MANDYA
BTC,BALAGHAT JN.
CAA,CHAKIA
LBPM,LPG BOTTLING PLANT S/B MNDH
MRIK,RELIANCE INDUSTRIES LTD. SDG.SRV BY KNGT
IOPB,IOC SIDING/PATHOKHOLA (P) (BG)
ACCJ,"ACC LTD. SDG, JHINKPANI"
SAIL,"STEEL AUTHORITY OF INDIA LTD. SIDING, GULDHAR"
CPN,CHAMPANER ROAD JN.
KHED,KHED
CWCN,"CENTRAL WARE HOUSING CORPORATION, NOLI"
HRG,HIRDAGARH
MCSG,MANCHIRYAL CEMENT CO. SDG MCI
HLE,HEELALIGE
KVNJ,KAPADVANJ
RHR,RAJHURA
GY,GOOTY JN.
RRP,RAIRANGPUR
MSPM,"STAR PAPER MILLS SIDING NO 2 MB END, SAHARANPUR KHANALAMPURA"
SAIK,"RASHTRIYA ISPAT NIGAM, KAREPALLI"
AECS,"AHMEDABAD ELEC. CO. LTD. SDG, SABARMATI JN."
TS,"TIRAP SIDING, LEDO"
NBQ,NEW BONGAIGAON JN.
CSSI,"FOOD AND SUPPLY GOVT. OF WEST BENGAL, COSSIPORE ROAD"
KGLI,KARGALI SIDING
LSI,LAHERIA SARAI
JPLS,"JINDAL PIPES LTD SIDING, PILKHWA"
WJR,WALAJAH ROAD JN.
PLBR,"POL SDG OF M/S BHARAT PETROLEUM CORPORATION LTD, RAYARU"
KSNG,KESINGA
HJI,HOJAI
MPBG,MADHYA PRADESH ELECTRICITY BOARD SIDING (SARNI) GHORADONGRI
UPSG,"UTTAR PRADESH STATE ELECTRICITY BOARD SIDING, PARICHA"
GISN,"GRASIM INDUSTRIES LTD SDG, NAGDA"
FGDA,M/S ADANI AGRI LOGISTICS LTD DAGRU
HPTK,HINDUSTAN PETROLEUM CORPORATION LTD SIDING SERVED BY TDN
KWKL,KAKRI WHARFWALL SIDING
IOND,M/S INDIAN OIL CORPORATION
MMMT,MAITHON POWER LIMITED SDG
MAMM,M/S AMBUJA CEMENT LTD GCT SERVED BY MARWAR MUNDWA
PKNB,PVT SDNG OF M/S KHATAU NARBHERAM AND CO SRVD BY BOLANIKHADAN
LMGB,LOCM RAPID LOADING SYSTEM
HTGD,GATI SHAKTI CARGO TERMINAL M/S HIND TERMINAL PRIVATE LTD
SJWT,SILO AT SPUR-3 AND 4 OF JAGANNATH WASHERY SIDING OF M/S MCL
GCCJ,GCT OF M/S CONCOR AT JJKR
SPGJ,M/S SFA LOGISTICS PARK PVT LTD GCT
NCMT,M/S NATIONAL COLLATERAL MANAGEMENT SERVICES LTD.
SJCT,SPUR-3 AND 4 OF JAGANNATH COLLIERY SIDING OF M/S MCL
